account_id,event_type,ts_local_utc
32405,WAKE_UP,1446269400
20081,IN_BED,1446242880
27535,OUT_OF_BED,1446366900
24225,OUT_OF_BED,1446275400
24225,WAKE_UP,1446274860
32539,WAKE_UP,1446280680
42497,WAKE_UP,1446271500
32539,OUT_OF_BED,1446281280
40969,OUT_OF_BED,1446365880
42497,OUT_OF_BED,1446272100
32539,SLEEP,1446250320
32539,WAKE_UP,1446192900
32539,OUT_OF_BED,1446193020
20605,IN_BED,1446253800
20605,SLEEP,1446256860
20605,WAKE_UP,1446279240
20605,OUT_OF_BED,1446280380
18918,WAKE_UP,1446274500
42464,SLEEP,1446260700
18918,OUT_OF_BED,1446274800
35276,IN_BED,1446327000
35276,SLEEP,1446327780
27256,OUT_OF_BED,1446369960
16954,WAKE_UP,1446275820
16954,OUT_OF_BED,1446276600
20196,WAKE_UP,1446294000
20854,OUT_OF_BED,1446278760
42076,WAKE_UP,1446196500
41892,OUT_OF_BED,1446367080
26669,OUT_OF_BED,1446370740
26669,WAKE_UP,1446369600
40094,WAKE_UP,1446283620
33353,WAKE_UP,1446280200
33353,OUT_OF_BED,1446280500
43472,OUT_OF_BED,1446274560
19600,SLEEP,1446273900
19600,IN_BED,1446262200
39400,IN_BED,1446411600
39400,SLEEP,1446415140
42528,WAKE_UP,1446443400
42528,OUT_OF_BED,1446443880
26448,OUT_OF_BED,1446447180
26448,WAKE_UP,1446445740
26424,OUT_OF_BED,1446445680
28954,WAKE_UP,1446444000
26009,OUT_OF_BED,1446444900
42529,IN_BED,1446423000
42529,OUT_OF_BED,1446446760
37682,OUT_OF_BED,1446445800
37682,IN_BED,1446415500
25976,IN_BED,1446413700
25976,SLEEP,1446414900
25976,WAKE_UP,1446446820
25976,OUT_OF_BED,1446447540
27535,IN_BED,1446426720
26009,WAKE_UP,1446444000
27217,WAKE_UP,1446447300
26746,OUT_OF_BED,1446445200
26746,WAKE_UP,1446444300
26746,SLEEP,1446417540
41150,OUT_OF_BED,1446444120
25947,WAKE_UP,1446447000
28228,IN_BED,1446419100
26347,WAKE_UP,1446450000
44409,IN_BED,1446416640
44409,SLEEP,1446417000
27398,OUT_OF_BED,1446440820
34320,OUT_OF_BED,1446445080
41000,SLEEP,1446425520
41205,IN_BED,1446421500
41000,WAKE_UP,1446443100
27480,WAKE_UP,1446442800
27480,OUT_OF_BED,1446442860
39581,SLEEP,1446429600
39581,WAKE_UP,1446454980
26522,WAKE_UP,1446444000
33775,WAKE_UP,1446443820
35743,SLEEP,1446411600
35743,WAKE_UP,1446441300
35743,OUT_OF_BED,1446441360
35743,IN_BED,1446411000
42873,IN_BED,1446414600
41146,WAKE_UP,1446443940
27256,WAKE_UP,1446448500
26084,WAKE_UP,1446450300
26084,OUT_OF_BED,1446450360
35276,IN_BED,1446415560
26136,OUT_OF_BED,1446447960
20409,WAKE_UP,1446451500
20409,OUT_OF_BED,1446452100
40969,OUT_OF_BED,1446448500
27729,OUT_OF_BED,1446446160
41892,OUT_OF_BED,1446450060
26885,IN_BED,1446419820
26885,SLEEP,1446422280
26885,WAKE_UP,1446445800
26885,OUT_OF_BED,1446448500
43150,OUT_OF_BED,1446450000
28275,WAKE_UP,1446449400
41321,OUT_OF_BED,1446444000
43774,WAKE_UP,1446451380
43774,OUT_OF_BED,1446452220
26632,IN_BED,1446423300
26632,OUT_OF_BED,1446449400
44579,IN_BED,1446426000
35276,WAKE_UP,1446450300
42639,IN_BED,1446417000
42639,SLEEP,1446418800
25999,WAKE_UP,1446442500
25999,OUT_OF_BED,1446446700
41935,OUT_OF_BED,1446450300
27519,SLEEP,1446422400
41335,IN_BED,1446426360
41335,WAKE_UP,1446449700
41335,OUT_OF_BED,1446449760
27169,WAKE_UP,1446451200
27169,OUT_OF_BED,1446451500
20753,IN_BED,1446418860
42489,SLEEP,1446428220
42489,IN_BED,1446427500
42489,WAKE_UP,1446442200
42489,OUT_OF_BED,1446442500
26795,WAKE_UP,1446445200
26795,OUT_OF_BED,1446445560
26795,IN_BED,1446415200
26795,SLEEP,1446416940
29545,IN_BED,1446439800
43612,OUT_OF_BED,1446445560
38719,SLEEP,1446423900
38719,OUT_OF_BED,1446438300
38580,WAKE_UP,1446447600
38580,OUT_OF_BED,1446447780
40894,WAKE_UP,1446445800
40894,OUT_OF_BED,1446447300
40622,OUT_OF_BED,1446441000
29241,WAKE_UP,1446448500
43379,OUT_OF_BED,1446444240
34410,WAKE_UP,1446441840
42099,WAKE_UP,1446467400
29661,OUT_OF_BED,1446442560
30417,OUT_OF_BED,1446447480
29661,WAKE_UP,1446441720
33227,SLEEP,1446418800
33227,WAKE_UP,1446442260
34690,WAKE_UP,1446440880
30193,WAKE_UP,1446442860
28780,IN_BED,1446417660
35447,SLEEP,1446421260
35447,OUT_OF_BED,1446441960
35447,WAKE_UP,1446440520
1161,IN_BED,1446414900
29761,WAKE_UP,1446442860
1161,WAKE_UP,1446437700
1161,OUT_OF_BED,1446439800
30060,SLEEP,1446422100
30060,IN_BED,1446421500
30060,WAKE_UP,1446442440
36220,IN_BED,1446417240
30351,WAKE_UP,1446443640
30444,WAKE_UP,1446443100
30444,OUT_OF_BED,1446444000
34156,WAKE_UP,1446443700
39405,WAKE_UP,1446445800
34986,WAKE_UP,1446443700
42745,IN_BED,1446416100
42745,SLEEP,1446418200
39174,OUT_OF_BED,1446444900
42745,OUT_OF_BED,1446445080
42745,WAKE_UP,1446444540
39106,IN_BED,1446419580
39106,WAKE_UP,1446444600
29641,WAKE_UP,1446443940
29641,OUT_OF_BED,1446444600
39819,WAKE_UP,1446444180
37285,OUT_OF_BED,1446447600
30455,WAKE_UP,1446442320
30455,OUT_OF_BED,1446442680
24291,WAKE_UP,1446441600
43430,WAKE_UP,1446447000
34786,WAKE_UP,1446448560
34786,OUT_OF_BED,1446448800
33195,OUT_OF_BED,1446445260
43956,OUT_OF_BED,1446443400
37155,WAKE_UP,1446440220
37155,OUT_OF_BED,1446440280
35482,WAKE_UP,1446441900
35482,OUT_OF_BED,1446442320
41976,OUT_OF_BED,1446445020
34726,WAKE_UP,1446443100
35296,OUT_OF_BED,1446445800
35296,WAKE_UP,1446445740
34726,OUT_OF_BED,1446443760
38825,WAKE_UP,1446444000
38825,OUT_OF_BED,1446445860
39666,WAKE_UP,1446440760
39666,OUT_OF_BED,1446441720
34431,WAKE_UP,1446445800
30538,IN_BED,1446421080
30538,SLEEP,1446421500
34472,WAKE_UP,1446445800
34472,OUT_OF_BED,1446446400
34472,SLEEP,1446418440
33670,WAKE_UP,1446446220
33347,WAKE_UP,1446445800
33254,SLEEP,1446423300
38680,IN_BED,1446414240
38680,SLEEP,1446415380
38680,WAKE_UP,1446444000
35303,WAKE_UP,1446446640
35303,OUT_OF_BED,1446446880
29989,WAKE_UP,1446443880
29989,OUT_OF_BED,1446443940
34389,WAKE_UP,1446440400
44325,OUT_OF_BED,1446442200
34389,OUT_OF_BED,1446440460
32918,WAKE_UP,1446446700
39765,IN_BED,1446423600
34113,WAKE_UP,1446443940
34113,OUT_OF_BED,1446444000
39765,OUT_OF_BED,1446447180
30255,WAKE_UP,1446446940
25427,OUT_OF_BED,1446444060
25427,WAKE_UP,1446443160
40927,WAKE_UP,1446438600
40927,OUT_OF_BED,1446438840
37285,WAKE_UP,1446446400
34919,WAKE_UP,1446444660
33914,WAKE_UP,1446445800
33768,OUT_OF_BED,1446447780
38675,WAKE_UP,1446446340
38675,OUT_OF_BED,1446446760
36182,OUT_OF_BED,1446447600
37377,WAKE_UP,1446447540
28846,IN_BED,1446417900
34697,OUT_OF_BED,1446447600
34697,WAKE_UP,1446447540
33086,OUT_OF_BED,1446441540
29651,IN_BED,1446421200
29651,OUT_OF_BED,1446447900
32921,SLEEP,1446416460
30265,WAKE_UP,1446447600
35785,WAKE_UP,1446455400
30265,OUT_OF_BED,1446448500
40140,IN_BED,1446419280
40140,WAKE_UP,1446448500
29939,WAKE_UP,1446443100
29939,OUT_OF_BED,1446443160
38867,OUT_OF_BED,1446448380
38867,WAKE_UP,1446447900
39811,SLEEP,1446416100
29553,WAKE_UP,1446448740
39811,IN_BED,1446415800
39811,WAKE_UP,1446448500
35912,OUT_OF_BED,1446448800
30516,SLEEP,1446428160
30516,WAKE_UP,1446448500
30516,OUT_OF_BED,1446449400
39396,OUT_OF_BED,1446448920
34722,IN_BED,1446422460
34722,SLEEP,1446423660
42266,WAKE_UP,1446456060
36384,WAKE_UP,1446448500
39782,WAKE_UP,1446449100
34722,OUT_OF_BED,1446448740
43193,IN_BED,1446418380
43193,SLEEP,1446420060
39782,SLEEP,1446429600
43193,WAKE_UP,1446446340
43193,OUT_OF_BED,1446449400
30477,OUT_OF_BED,1446446820
41149,OUT_OF_BED,1446447660
41149,WAKE_UP,1446447540
30858,SLEEP,1446422220
38884,WAKE_UP,1446449100
42190,WAKE_UP,1446448980
42190,OUT_OF_BED,1446449520
36723,WAKE_UP,1446449100
36723,OUT_OF_BED,1446449700
39925,SLEEP,1446429600
25436,WAKE_UP,1446444600
42206,OUT_OF_BED,1446453180
42206,WAKE_UP,1446451440
21150,OUT_OF_BED,1446444180
34827,OUT_OF_BED,1446448020
21150,WAKE_UP,1446443100
38855,IN_BED,1446421440
35595,WAKE_UP,1446446700
21075,WAKE_UP,1446444900
21075,OUT_OF_BED,1446444960
44443,IN_BED,1446420780
21736,WAKE_UP,1446445680
40666,IN_BED,1446424680
44492,WAKE_UP,1446447000
33241,IN_BED,1446414300
33040,OUT_OF_BED,1446450300
33241,SLEEP,1446416640
33040,WAKE_UP,1446450240
33241,WAKE_UP,1446449400
34392,WAKE_UP,1446448260
34392,OUT_OF_BED,1446449280
34928,WAKE_UP,1446450780
38385,SLEEP,1446418380
30259,WAKE_UP,1446445140
35647,WAKE_UP,1446450600
21289,OUT_OF_BED,1446444060
35647,OUT_OF_BED,1446451500
27544,OUT_OF_BED,1446451260
29689,OUT_OF_BED,1446444780
39536,SLEEP,1446420600
35317,OUT_OF_BED,1446453960
39536,WAKE_UP,1446451500
29240,SLEEP,1446426900
35317,WAKE_UP,1446453360
42930,IN_BED,1446416760
21562,OUT_OF_BED,1446442860
21562,SLEEP,1446414300
36080,OUT_OF_BED,1446443700
25012,WAKE_UP,1446448260
30221,SLEEP,1446423480
29631,SLEEP,1446421500
30221,OUT_OF_BED,1446450900
29500,WAKE_UP,1446448500
29500,OUT_OF_BED,1446451800
20875,OUT_OF_BED,1446448680
20875,WAKE_UP,1446448440
33845,SLEEP,1446427200
29762,IN_BED,1446426780
29762,SLEEP,1446427380
32991,IN_BED,1446422820
35619,IN_BED,1446418980
35619,SLEEP,1446420780
39657,OUT_OF_BED,1446452520
40614,IN_BED,1446423000
30453,WAKE_UP,1446450660
30453,OUT_OF_BED,1446450720
30453,SLEEP,1446423300
16602,IN_BED,1446424500
43794,IN_BED,1446418260
16602,SLEEP,1446426000
43794,OUT_OF_BED,1446453120
16602,OUT_OF_BED,1446451740
16602,WAKE_UP,1446450300
35742,WAKE_UP,1446453000
24431,IN_BED,1446411000
29871,WAKE_UP,1446453000
29871,OUT_OF_BED,1446453300
21041,WAKE_UP,1446445680
21041,SLEEP,1446417360
24231,OUT_OF_BED,1446449880
35300,IN_BED,1446422100
35300,WAKE_UP,1446441240
35300,OUT_OF_BED,1446441360
30302,WAKE_UP,1446450960
30302,OUT_OF_BED,1446452820
30302,IN_BED,1446421440
30302,SLEEP,1446424080
21300,WAKE_UP,1446449400
30332,OUT_OF_BED,1446448500
20840,WAKE_UP,1446449520
21469,IN_BED,1446420960
21469,WAKE_UP,1446446220
42879,WAKE_UP,1446452760
42879,OUT_OF_BED,1446453120
29723,OUT_OF_BED,1446444000
36034,IN_BED,1446425100
36034,SLEEP,1446426600
36034,WAKE_UP,1446448800
36034,OUT_OF_BED,1446448920
33364,WAKE_UP,1446453300
21238,OUT_OF_BED,1446450600
30420,IN_BED,1446416400
39167,SLEEP,1446429480
21258,SLEEP,1446425940
39662,IN_BED,1446414600
39662,SLEEP,1446417240
39662,WAKE_UP,1446443640
39662,OUT_OF_BED,1446443700
21517,WAKE_UP,1446447000
30074,SLEEP,1446426000
25490,IN_BED,1446422700
35100,OUT_OF_BED,1446451500
35100,WAKE_UP,1446451320
34747,IN_BED,1446428400
30055,IN_BED,1446420960
39471,WAKE_UP,1446454500
30055,OUT_OF_BED,1446448260
39471,OUT_OF_BED,1446455700
42527,OUT_OF_BED,1446448200
26873,WAKE_UP,1446434700
26873,OUT_OF_BED,1446437400
29888,OUT_OF_BED,1446455400
29888,WAKE_UP,1446454200
40558,WAKE_UP,1446452520
40558,OUT_OF_BED,1446452640
43283,WAKE_UP,1446444780
29703,OUT_OF_BED,1446451800
40106,OUT_OF_BED,1446459960
38727,WAKE_UP,1446445260
30236,WAKE_UP,1446442800
30236,OUT_OF_BED,1446444000
30363,WAKE_UP,1446456960
39204,SLEEP,1446424620
39204,WAKE_UP,1446453000
39204,OUT_OF_BED,1446453600
35971,OUT_OF_BED,1446460200
35971,WAKE_UP,1446459900
41634,OUT_OF_BED,1446451800
16914,WAKE_UP,1446437820
30458,WAKE_UP,1446443160
30458,OUT_OF_BED,1446443340
43142,IN_BED,1446415740
43142,SLEEP,1446417660
43142,OUT_OF_BED,1446446100
43142,WAKE_UP,1446446040
26058,WAKE_UP,1446453600
20634,OUT_OF_BED,1446448500
38762,WAKE_UP,1446445140
38762,OUT_OF_BED,1446445260
34753,WAKE_UP,1446448380
34753,OUT_OF_BED,1446449820
39014,WAKE_UP,1446444540
39014,OUT_OF_BED,1446444600
33069,SLEEP,1446427260
33069,WAKE_UP,1446448500
28824,WAKE_UP,1446438300
28824,OUT_OF_BED,1446438540
38702,OUT_OF_BED,1446440580
38702,WAKE_UP,1446440520
40973,IN_BED,1446400980
40973,SLEEP,1446403020
37372,IN_BED,1446423240
20809,IN_BED,1446429900
20809,SLEEP,1446430500
20809,OUT_OF_BED,1446456780
20809,WAKE_UP,1446456660
39631,OUT_OF_BED,1446446160
32472,OUT_OF_BED,1446439800
20894,OUT_OF_BED,1446451500
20894,WAKE_UP,1446450240
30344,IN_BED,1446423000
30283,WAKE_UP,1446447000
44204,OUT_OF_BED,1446440220
30283,OUT_OF_BED,1446447300
36138,SLEEP,1446413400
30990,WAKE_UP,1446440400
30990,OUT_OF_BED,1446440700
42936,WAKE_UP,1446445200
43534,OUT_OF_BED,1446436800
39074,OUT_OF_BED,1446451920
39436,SLEEP,1446437940
17332,OUT_OF_BED,1446436800
41473,IN_BED,1446412500
38373,WAKE_UP,1446451800
38373,OUT_OF_BED,1446451980
21605,WAKE_UP,1446444600
42245,OUT_OF_BED,1446451620
21605,OUT_OF_BED,1446446880
35849,WAKE_UP,1446445200
33067,WAKE_UP,1446446700
33067,OUT_OF_BED,1446447600
16914,OUT_OF_BED,1446437940
15891,OUT_OF_BED,1446439320
29881,WAKE_UP,1446445800
16914,IN_BED,1446416040
29881,OUT_OF_BED,1446445920
21201,IN_BED,1446424080
21201,WAKE_UP,1446448080
21201,OUT_OF_BED,1446448860
44143,OUT_OF_BED,1446441720
30590,OUT_OF_BED,1446440460
30590,WAKE_UP,1446437700
26971,WAKE_UP,1446463440
28002,SLEEP,1446442200
44456,WAKE_UP,1446441600
26102,OUT_OF_BED,1446449040
44456,OUT_OF_BED,1446442500
42502,SLEEP,1446415140
42502,WAKE_UP,1446442200
35867,SLEEP,1446438060
35298,WAKE_UP,1446452400
18733,IN_BED,1446411240
18733,SLEEP,1446412560
18733,OUT_OF_BED,1446441660
34336,SLEEP,1446420300
43997,WAKE_UP,1446437700
30085,SLEEP,1446414060
39567,OUT_OF_BED,1446439020
30085,WAKE_UP,1446442020
30085,OUT_OF_BED,1446442260
33510,SLEEP,1446439980
30992,OUT_OF_BED,1446440880
18020,OUT_OF_BED,1446440400
17559,OUT_OF_BED,1446441360
21786,IN_BED,1446410640
21786,OUT_OF_BED,1446433440
43997,OUT_OF_BED,1446442800
30085,IN_BED,1446413340
39567,WAKE_UP,1446438480
35621,OUT_OF_BED,1446445980
17166,WAKE_UP,1446442500
30992,WAKE_UP,1446440820
30867,IN_BED,1446417180
30867,WAKE_UP,1446443100
35384,OUT_OF_BED,1446443580
19219,OUT_OF_BED,1446439980
19219,WAKE_UP,1446439800
44098,SLEEP,1446428340
36208,OUT_OF_BED,1446443880
36208,WAKE_UP,1446443160
36208,IN_BED,1446424260
18808,IN_BED,1446414840
18808,OUT_OF_BED,1446444000
19287,WAKE_UP,1446442080
30909,WAKE_UP,1446440400
44554,OUT_OF_BED,1446444240
22137,WAKE_UP,1446439860
38357,OUT_OF_BED,1446444240
38773,IN_BED,1446419100
29321,WAKE_UP,1446441600
38773,SLEEP,1446422280
1465,IN_BED,1446413280
38773,WAKE_UP,1446442320
1465,WAKE_UP,1446440040
1465,OUT_OF_BED,1446440100
38773,OUT_OF_BED,1446443220
41180,IN_BED,1446426000
16289,WAKE_UP,1446444900
31087,WAKE_UP,1446445260
39958,SLEEP,1446425040
39958,IN_BED,1446424680
39958,OUT_OF_BED,1446457800
39958,WAKE_UP,1446457440
39330,SLEEP,1446417180
39330,IN_BED,1446416100
42030,WAKE_UP,1446442860
17714,WAKE_UP,1446444780
42030,OUT_OF_BED,1446442920
19251,WAKE_UP,1446445260
1168,SLEEP,1446422880
28683,WAKE_UP,1446445740
43883,OUT_OF_BED,1446445800
44554,WAKE_UP,1446444060
42357,IN_BED,1446420000
42435,IN_BED,1446430200
36221,OUT_OF_BED,1446448620
43965,WAKE_UP,1446446700
42435,WAKE_UP,1446456480
42435,OUT_OF_BED,1446458700
28683,SLEEP,1446419700
18815,WAKE_UP,1446444960
18815,SLEEP,1446420900
31520,WAKE_UP,1446442200
31520,OUT_OF_BED,1446442320
37756,WAKE_UP,1446445620
34189,WAKE_UP,1446445980
17464,WAKE_UP,1446445080
18938,WAKE_UP,1446442620
23334,WAKE_UP,1446446340
1472,WAKE_UP,1446445800
1168,IN_BED,1446420180
1168,WAKE_UP,1446446100
28683,IN_BED,1446417000
38031,SLEEP,1446422400
41218,WAKE_UP,1446445800
41218,OUT_OF_BED,1446447000
38401,OUT_OF_BED,1446444000
40644,SLEEP,1446414360
38401,SLEEP,1446417360
40795,WAKE_UP,1446446760
1484,WAKE_UP,1446445080
32054,WAKE_UP,1446446760
32054,OUT_OF_BED,1446447540
42104,WAKE_UP,1446446700
32054,IN_BED,1446416340
42127,IN_BED,1446415740
21854,IN_BED,1446424380
42127,OUT_OF_BED,1446448800
21854,SLEEP,1446424680
41553,WAKE_UP,1446443040
16131,WAKE_UP,1446443700
21854,WAKE_UP,1446447600
42359,OUT_OF_BED,1446447780
21854,OUT_OF_BED,1446448140
18057,IN_BED,1446415320
18057,WAKE_UP,1446446760
40825,IN_BED,1446421620
40825,OUT_OF_BED,1446445440
20879,OUT_OF_BED,1446448560
29348,WAKE_UP,1446445800
30715,SLEEP,1446429840
17058,OUT_OF_BED,1446438600
23195,IN_BED,1446419700
23195,OUT_OF_BED,1446448800
31466,SLEEP,1446419700
43550,OUT_OF_BED,1446449400
17686,SLEEP,1446415200
17584,WAKE_UP,1446445980
29348,OUT_OF_BED,1446446100
30715,IN_BED,1446427800
34592,WAKE_UP,1446447780
16024,WAKE_UP,1446442200
38070,OUT_OF_BED,1446447960
16024,OUT_OF_BED,1446442800
16954,IN_BED,1446413400
38161,IN_BED,1446420600
26309,IN_BED,1446417600
38161,WAKE_UP,1446446640
18953,WAKE_UP,1446444900
38161,OUT_OF_BED,1446447720
23214,OUT_OF_BED,1446447840
17058,WAKE_UP,1446437700
16995,IN_BED,1446422700
18091,OUT_OF_BED,1446448500
16995,OUT_OF_BED,1446445920
21736,OUT_OF_BED,1446445920
1219,OUT_OF_BED,1446448380
30584,OUT_OF_BED,1446443100
36131,OUT_OF_BED,1446444300
36130,OUT_OF_BED,1446447840
17686,IN_BED,1446414000
35193,SLEEP,1446419340
18037,SLEEP,1446421200
21709,OUT_OF_BED,1446448140
35193,WAKE_UP,1446436800
16913,OUT_OF_BED,1446441600
17584,OUT_OF_BED,1446446100
43995,OUT_OF_BED,1446448800
42041,OUT_OF_BED,1446445200
18264,IN_BED,1446414480
29265,OUT_OF_BED,1446449040
40818,SLEEP,1446422400
29265,WAKE_UP,1446448980
40794,IN_BED,1446422220
40818,OUT_OF_BED,1446448500
40818,WAKE_UP,1446448320
31048,OUT_OF_BED,1446445500
15586,OUT_OF_BED,1446445500
15586,WAKE_UP,1446444900
40794,WAKE_UP,1446445440
42567,OUT_OF_BED,1446440460
1508,IN_BED,1446419940
1508,SLEEP,1446420600
1508,WAKE_UP,1446444900
1508,OUT_OF_BED,1446445140
42900,WAKE_UP,1446445980
42326,IN_BED,1446428460
1520,WAKE_UP,1446445500
31231,WAKE_UP,1446436800
42326,SLEEP,1446430920
1520,OUT_OF_BED,1446446700
31231,SLEEP,1446412800
33494,SLEEP,1446417600
18396,WAKE_UP,1446445920
44459,WAKE_UP,1446449400
42464,WAKE_UP,1446459900
33494,OUT_OF_BED,1446435720
44459,SLEEP,1446418800
21237,OUT_OF_BED,1446447900
15234,WAKE_UP,1446449340
25004,OUT_OF_BED,1446447420
42594,IN_BED,1446421200
25004,WAKE_UP,1446447360
43375,WAKE_UP,1446449160
43375,OUT_OF_BED,1446449640
19106,IN_BED,1446415500
16610,WAKE_UP,1446440700
16610,OUT_OF_BED,1446441540
42652,WAKE_UP,1446445200
36097,SLEEP,1446417000
16610,IN_BED,1446417600
31200,WAKE_UP,1446445020
36097,IN_BED,1446416520
18801,WAKE_UP,1446445380
31200,OUT_OF_BED,1446445500
36097,WAKE_UP,1446438720
29053,WAKE_UP,1446446280
29954,WAKE_UP,1446447240
19116,IN_BED,1446418620
29954,OUT_OF_BED,1446447360
19116,SLEEP,1446418980
26910,IN_BED,1446416940
22500,WAKE_UP,1446446100
26910,WAKE_UP,1446442500
26910,OUT_OF_BED,1446442800
20179,WAKE_UP,1446446400
32686,WAKE_UP,1446432360
32686,OUT_OF_BED,1446434940
32686,IN_BED,1446411900
31209,WAKE_UP,1446439560
32686,SLEEP,1446412800
36897,WAKE_UP,1446441300
34441,OUT_OF_BED,1446448560
36897,OUT_OF_BED,1446441360
19844,WAKE_UP,1446444000
22357,WAKE_UP,1446447060
30008,OUT_OF_BED,1446447000
22357,SLEEP,1446419640
44250,SLEEP,1446416940
43901,IN_BED,1446417480
43498,IN_BED,1446413400
31019,WAKE_UP,1446446400
43498,SLEEP,1446419100
18246,WAKE_UP,1446446400
31942,WAKE_UP,1446450660
44250,IN_BED,1446415620
22373,WAKE_UP,1446451020
1439,SLEEP,1446419700
43357,WAKE_UP,1446437280
24003,IN_BED,1446431400
1614,OUT_OF_BED,1446448860
1439,OUT_OF_BED,1446450300
37708,OUT_OF_BED,1446451380
43202,OUT_OF_BED,1446444600
40256,OUT_OF_BED,1446445380
26351,WAKE_UP,1446447600
43175,WAKE_UP,1446449820
44100,OUT_OF_BED,1446449940
44100,WAKE_UP,1446449340
23747,SLEEP,1446414300
17575,SLEEP,1446417900
15159,OUT_OF_BED,1446448740
28741,IN_BED,1446422040
40736,WAKE_UP,1446438060
30366,WAKE_UP,1446451200
17636,WAKE_UP,1446444900
43555,IN_BED,1446420480
26351,OUT_OF_BED,1446448800
43175,SLEEP,1446422820
43175,OUT_OF_BED,1446451020
26634,IN_BED,1446405420
26634,SLEEP,1446405780
23747,WAKE_UP,1446440160
23747,OUT_OF_BED,1446440280
40394,WAKE_UP,1446444000
44267,OUT_OF_BED,1446447300
43140,OUT_OF_BED,1446441000
30906,SLEEP,1446414300
30906,WAKE_UP,1446440400
32756,WAKE_UP,1446451200
15159,WAKE_UP,1446448200
35559,WAKE_UP,1446451260
28741,SLEEP,1446423600
28741,WAKE_UP,1446447780
30366,IN_BED,1446426000
26653,OUT_OF_BED,1446441480
43648,SLEEP,1446418800
26133,WAKE_UP,1446447600
26133,OUT_OF_BED,1446447660
44498,SLEEP,1446421500
37142,WAKE_UP,1446445320
40403,WAKE_UP,1446445200
40403,OUT_OF_BED,1446445980
16837,WAKE_UP,1446452100
37142,SLEEP,1446425700
43540,WAKE_UP,1446452760
1516,OUT_OF_BED,1446446100
44521,WAKE_UP,1446451980
30177,SLEEP,1446424440
30177,IN_BED,1446424200
16140,OUT_OF_BED,1446441600
28852,OUT_OF_BED,1446448560
16667,WAKE_UP,1446442200
44549,WAKE_UP,1446442200
30546,OUT_OF_BED,1446450420
30546,WAKE_UP,1446449880
17627,WAKE_UP,1446444120
17627,OUT_OF_BED,1446444300
44549,SLEEP,1446417000
42203,WAKE_UP,1446449340
42203,OUT_OF_BED,1446449580
21429,OUT_OF_BED,1446453360
19104,WAKE_UP,1446445800
32466,WAKE_UP,1446444480
21978,SLEEP,1446418800
16978,WAKE_UP,1446442200
23085,WAKE_UP,1446442500
15018,WAKE_UP,1446445380
30766,OUT_OF_BED,1446447120
39332,WAKE_UP,1446453480
42547,IN_BED,1446424200
44096,IN_BED,1446419580
42547,OUT_OF_BED,1446451800
17174,WAKE_UP,1446441960
17174,OUT_OF_BED,1446442980
20243,WAKE_UP,1446441300
23075,WAKE_UP,1446442200
32677,WAKE_UP,1446442500
44211,OUT_OF_BED,1446447660
33453,WAKE_UP,1446449760
32677,OUT_OF_BED,1446444000
22078,OUT_OF_BED,1446443400
22078,WAKE_UP,1446443100
21965,WAKE_UP,1446446100
21965,OUT_OF_BED,1446446220
20892,WAKE_UP,1446451200
42680,SLEEP,1446420960
42680,WAKE_UP,1446445740
37820,OUT_OF_BED,1446447420
22410,WAKE_UP,1446438540
22410,OUT_OF_BED,1446438660
37820,IN_BED,1446428100
23083,SLEEP,1446413700
44267,IN_BED,1446424860
23083,WAKE_UP,1446443640
22396,SLEEP,1446430020
33946,SLEEP,1446416100
44291,OUT_OF_BED,1446444300
21917,SLEEP,1446418080
23427,IN_BED,1446419700
22445,WAKE_UP,1446452520
44291,WAKE_UP,1446443700
21917,WAKE_UP,1446444300
21917,OUT_OF_BED,1446444540
44267,SLEEP,1446425640
44211,WAKE_UP,1446447600
23435,IN_BED,1446416100
33212,WAKE_UP,1446451200
23435,SLEEP,1446417300
33212,OUT_OF_BED,1446453180
23435,WAKE_UP,1446443100
42106,IN_BED,1446414600
23435,OUT_OF_BED,1446444900
43660,WAKE_UP,1446451560
42106,SLEEP,1446415320
42106,OUT_OF_BED,1446444120
40548,WAKE_UP,1446439440
21790,IN_BED,1446421200
21790,SLEEP,1446422160
19914,SLEEP,1446420120
34029,OUT_OF_BED,1446451440
32429,OUT_OF_BED,1446451380
17984,WAKE_UP,1446444000
31333,WAKE_UP,1446445020
36312,WAKE_UP,1446451080
17987,SLEEP,1446424320
40806,WAKE_UP,1446448440
43813,OUT_OF_BED,1446444540
33829,WAKE_UP,1446448500
32331,IN_BED,1446417300
33829,OUT_OF_BED,1446449700
23481,OUT_OF_BED,1446444900
32331,WAKE_UP,1446446460
32331,OUT_OF_BED,1446449400
23609,WAKE_UP,1446444600
44422,SLEEP,1446425700
39673,SLEEP,1446441900
32466,OUT_OF_BED,1446444960
31453,IN_BED,1446420180
31453,WAKE_UP,1446448800
31453,OUT_OF_BED,1446449100
25320,SLEEP,1446415320
25320,WAKE_UP,1446438780
44463,OUT_OF_BED,1446443820
25320,OUT_OF_BED,1446440760
44463,WAKE_UP,1446443760
39861,IN_BED,1446432300
39861,OUT_OF_BED,1446450900
23721,IN_BED,1446415800
23721,SLEEP,1446417960
16941,OUT_OF_BED,1446444420
33053,SLEEP,1446410160
31102,WAKE_UP,1446444720
31102,OUT_OF_BED,1446445860
31320,OUT_OF_BED,1446451860
25403,SLEEP,1446419520
1113,SLEEP,1446423960
38759,WAKE_UP,1446451860
43740,IN_BED,1446416400
43897,WAKE_UP,1446441120
31480,WAKE_UP,1446434160
43897,OUT_OF_BED,1446441360
43740,SLEEP,1446418800
31203,OUT_OF_BED,1446448800
43740,WAKE_UP,1446447000
22508,OUT_OF_BED,1446438600
17286,OUT_OF_BED,1446446400
42689,IN_BED,1446424200
22729,OUT_OF_BED,1446442200
42689,SLEEP,1446428700
31112,IN_BED,1446420480
43833,WAKE_UP,1446445800
31112,OUT_OF_BED,1446447480
43833,OUT_OF_BED,1446446700
39993,SLEEP,1446418920
39993,OUT_OF_BED,1446448140
39993,WAKE_UP,1446447720
1112,OUT_OF_BED,1446445440
36773,WAKE_UP,1446446400
36052,WAKE_UP,1446444000
36052,OUT_OF_BED,1446444060
19139,OUT_OF_BED,1446437220
34205,WAKE_UP,1446450360
44546,IN_BED,1446431400
38514,SLEEP,1446415320
38514,OUT_OF_BED,1446444600
42786,WAKE_UP,1446444000
36615,WAKE_UP,1446451200
42786,OUT_OF_BED,1446444120
1006,WAKE_UP,1446447180
36322,WAKE_UP,1446445860
37570,WAKE_UP,1446449400
18577,WAKE_UP,1446442620
41815,OUT_OF_BED,1446436200
18577,OUT_OF_BED,1446446280
37570,OUT_OF_BED,1446449700
31077,OUT_OF_BED,1446440160
24520,WAKE_UP,1446450300
42835,SLEEP,1446421500
42835,WAKE_UP,1446447240
30981,OUT_OF_BED,1446454920
35467,SLEEP,1446425880
35467,OUT_OF_BED,1446456660
23341,IN_BED,1446420480
35467,WAKE_UP,1446453060
23341,SLEEP,1446420900
26339,OUT_OF_BED,1446446460
23341,OUT_OF_BED,1446447720
22637,WAKE_UP,1446444840
22637,OUT_OF_BED,1446445980
44292,WAKE_UP,1446438900
44292,OUT_OF_BED,1446439500
30784,SLEEP,1446423060
19165,SLEEP,1446422400
26078,WAKE_UP,1446452400
27975,WAKE_UP,1446451200
17817,IN_BED,1446419700
30954,OUT_OF_BED,1446447900
30954,WAKE_UP,1446445080
19182,WAKE_UP,1446450780
37796,OUT_OF_BED,1446448500
42669,OUT_OF_BED,1446447840
42497,OUT_OF_BED,1446444600
43808,WAKE_UP,1446448500
23209,WAKE_UP,1446448500
30744,WAKE_UP,1446444000
30744,OUT_OF_BED,1446444060
42628,WAKE_UP,1446448620
24658,IN_BED,1446425040
43465,WAKE_UP,1446444060
44339,WAKE_UP,1446448800
43465,OUT_OF_BED,1446444900
31500,WAKE_UP,1446441660
31500,OUT_OF_BED,1446442200
44339,IN_BED,1446418200
40315,WAKE_UP,1446447600
41695,IN_BED,1446418380
41695,SLEEP,1446418920
44222,OUT_OF_BED,1446448200
41695,OUT_OF_BED,1446452040
44506,OUT_OF_BED,1446455520
41695,WAKE_UP,1446448920
42869,WAKE_UP,1446455580
32271,WAKE_UP,1446440760
44506,IN_BED,1446428580
44506,SLEEP,1446428940
26417,SLEEP,1446427800
32948,WAKE_UP,1446449700
32948,OUT_OF_BED,1446449760
42740,WAKE_UP,1446442260
26417,WAKE_UP,1446448800
18580,WAKE_UP,1446447960
44469,IN_BED,1446420900
44469,OUT_OF_BED,1446449700
44469,WAKE_UP,1446448440
40802,OUT_OF_BED,1446440220
31693,SLEEP,1446417780
23043,WAKE_UP,1446448800
26117,SLEEP,1446435120
26117,IN_BED,1446434400
42967,SLEEP,1446429000
34958,WAKE_UP,1446446700
1824,IN_BED,1446422520
42967,WAKE_UP,1446456600
1824,WAKE_UP,1446452100
34673,WAKE_UP,1446449700
34958,OUT_OF_BED,1446447600
27354,WAKE_UP,1446443400
35574,SLEEP,1446421200
30457,IN_BED,1446419400
35574,WAKE_UP,1446449280
35574,OUT_OF_BED,1446449820
41006,WAKE_UP,1446447900
32859,OUT_OF_BED,1446445680
32859,WAKE_UP,1446444900
24228,SLEEP,1446415800
19600,IN_BED,1446435960
19600,WAKE_UP,1446479940
31988,IN_BED,1446414300
40550,WAKE_UP,1446451740
25038,IN_BED,1446422700
25038,SLEEP,1446423300
26218,IN_BED,1446419040
26218,OUT_OF_BED,1446447300
36010,OUT_OF_BED,1446452880
19300,OUT_OF_BED,1446450420
16950,WAKE_UP,1446450600
41799,WAKE_UP,1446451200
41799,IN_BED,1446418980
40038,WAKE_UP,1446451200
31428,SLEEP,1446430800
31428,WAKE_UP,1446450000
15357,WAKE_UP,1446450180
15357,OUT_OF_BED,1446450300
25751,OUT_OF_BED,1446454200
23607,WAKE_UP,1446451440
31094,WAKE_UP,1446456000
31094,OUT_OF_BED,1446456900
28474,WAKE_UP,1446440940
28474,OUT_OF_BED,1446441000
24134,IN_BED,1446422160
24134,SLEEP,1446424500
25692,OUT_OF_BED,1446447660
31929,OUT_OF_BED,1446441360
34203,WAKE_UP,1446442380
43223,SLEEP,1446430680
34203,OUT_OF_BED,1446442620
23317,WAKE_UP,1446445560
23317,OUT_OF_BED,1446445680
32590,OUT_OF_BED,1446449160
1323,OUT_OF_BED,1446443400
17486,WAKE_UP,1446455220
23984,OUT_OF_BED,1446452100
23984,WAKE_UP,1446452040
41210,OUT_OF_BED,1446452820
41016,IN_BED,1446419340
1001,IN_BED,1446420600
1001,SLEEP,1446422700
15822,OUT_OF_BED,1446445320
30982,OUT_OF_BED,1446447240
38326,SLEEP,1446421380
38326,WAKE_UP,1446451560
34516,OUT_OF_BED,1446446700
32225,IN_BED,1446412260
32225,OUT_OF_BED,1446439560
43032,IN_BED,1446421260
22419,IN_BED,1446429000
43032,OUT_OF_BED,1446448860
22419,WAKE_UP,1446449280
15857,SLEEP,1446421860
25398,IN_BED,1446426720
15857,WAKE_UP,1446441300
15857,OUT_OF_BED,1446441660
25398,WAKE_UP,1446453480
44471,OUT_OF_BED,1446455700
35083,SLEEP,1446417720
35083,WAKE_UP,1446444660
32057,WAKE_UP,1446465300
32057,SLEEP,1446437700
31091,WAKE_UP,1446441900
41287,WAKE_UP,1446448800
41287,SLEEP,1446424980
35761,WAKE_UP,1446447600
35761,OUT_OF_BED,1446448500
19215,WAKE_UP,1446446280
17344,WAKE_UP,1446451980
1823,SLEEP,1446425100
41601,OUT_OF_BED,1446445800
1823,WAKE_UP,1446445920
1823,OUT_OF_BED,1446446160
41461,WAKE_UP,1446457200
20070,WAKE_UP,1446447660
40083,WAKE_UP,1446451800
44121,WAKE_UP,1446453000
39391,IN_BED,1446422580
39391,SLEEP,1446423240
24996,OUT_OF_BED,1446455880
24996,WAKE_UP,1446455400
17591,IN_BED,1446418920
24996,IN_BED,1446431700
23190,WAKE_UP,1446454800
1609,OUT_OF_BED,1446467100
1609,WAKE_UP,1446466800
33414,WAKE_UP,1446465420
36876,IN_BED,1446411360
40682,IN_BED,1446426900
25547,OUT_OF_BED,1446447000
40682,SLEEP,1446427200
25547,WAKE_UP,1446446700
40682,OUT_OF_BED,1446452580
1731,WAKE_UP,1446466260
29704,WAKE_UP,1446456420
36546,WAKE_UP,1446444900
36546,OUT_OF_BED,1446444960
36546,IN_BED,1446412140
23963,SLEEP,1446431400
29828,OUT_OF_BED,1446444360
41669,SLEEP,1446422400
40076,IN_BED,1446435240
40076,SLEEP,1446435900
40076,WAKE_UP,1446456120
40076,OUT_OF_BED,1446457500
20000,OUT_OF_BED,1446451620
42859,IN_BED,1446420900
44324,WAKE_UP,1446454080
44324,OUT_OF_BED,1446454980
32071,SLEEP,1446427680
23257,WAKE_UP,1446444540
23257,OUT_OF_BED,1446444600
15852,OUT_OF_BED,1446450360
15852,WAKE_UP,1446449100
29595,OUT_OF_BED,1446444060
22140,OUT_OF_BED,1446447600
29770,OUT_OF_BED,1446442260
1585,IN_BED,1446421020
24621,OUT_OF_BED,1446443400
1585,WAKE_UP,1446454800
40605,IN_BED,1446427800
16806,WAKE_UP,1446448800
44157,WAKE_UP,1446446700
16806,OUT_OF_BED,1446449880
40605,OUT_OF_BED,1446459120
40605,WAKE_UP,1446459060
1072,WAKE_UP,1446445680
1072,OUT_OF_BED,1446445800
17195,WAKE_UP,1446442800
43199,IN_BED,1446429060
17195,OUT_OF_BED,1446447420
43199,WAKE_UP,1446452700
25733,OUT_OF_BED,1446446700
43593,OUT_OF_BED,1446453900
31492,OUT_OF_BED,1446452100
35846,WAKE_UP,1446444300
35846,OUT_OF_BED,1446444600
43530,WAKE_UP,1446450420
43530,OUT_OF_BED,1446452820
38359,WAKE_UP,1446445380
38359,OUT_OF_BED,1446445440
18465,IN_BED,1446424200
18465,WAKE_UP,1446445680
21554,OUT_OF_BED,1446451500
31157,OUT_OF_BED,1446445800
42575,OUT_OF_BED,1446449580
30814,OUT_OF_BED,1446433200
1496,OUT_OF_BED,1446445500
33918,WAKE_UP,1446447240
1496,IN_BED,1446412440
17465,WAKE_UP,1446449400
17465,OUT_OF_BED,1446453000
20915,WAKE_UP,1446445860
20915,OUT_OF_BED,1446447060
39184,OUT_OF_BED,1446449880
44096,OUT_OF_BED,1446453900
23128,IN_BED,1446431880
1062,WAKE_UP,1446450540
25099,SLEEP,1446448260
1062,OUT_OF_BED,1446453540
25099,WAKE_UP,1446460620
25099,OUT_OF_BED,1446461280
33493,WAKE_UP,1446440400
33493,OUT_OF_BED,1446440460
37416,WAKE_UP,1446448200
37416,OUT_OF_BED,1446448260
15970,WAKE_UP,1446445140
15970,OUT_OF_BED,1446445200
44348,WAKE_UP,1446447900
44348,OUT_OF_BED,1446448560
15880,WAKE_UP,1446447660
15880,OUT_OF_BED,1446447720
30254,WAKE_UP,1446443940
30254,OUT_OF_BED,1446444000
22821,WAKE_UP,1446447540
30260,WAKE_UP,1446451200
1400,WAKE_UP,1446447600
30260,OUT_OF_BED,1446453000
41556,SLEEP,1446419700
16214,WAKE_UP,1446448800
39627,OUT_OF_BED,1446446700
30133,WAKE_UP,1446448200
42688,WAKE_UP,1446448260
36241,OUT_OF_BED,1446451920
30904,OUT_OF_BED,1446435000
21187,WAKE_UP,1446448680
21187,OUT_OF_BED,1446448800
27438,OUT_OF_BED,1446446940
44452,OUT_OF_BED,1446447000
31649,OUT_OF_BED,1446450360
29547,WAKE_UP,1446447360
29547,OUT_OF_BED,1446447420
43752,IN_BED,1446430380
43752,OUT_OF_BED,1446451800
43478,IN_BED,1446416940
43478,SLEEP,1446419280
43478,WAKE_UP,1446444000
43478,OUT_OF_BED,1446445080
44030,SLEEP,1446423240
21727,OUT_OF_BED,1446447300
29016,WAKE_UP,1446449400
30358,OUT_OF_BED,1446443400
30358,IN_BED,1446418800
29016,OUT_OF_BED,1446450000
30358,SLEEP,1446421260
25578,IN_BED,1446420000
25578,WAKE_UP,1446449220
25578,OUT_OF_BED,1446449820
27303,OUT_OF_BED,1446443040
35843,WAKE_UP,1446445560
30273,SLEEP,1446419700
33226,WAKE_UP,1446443100
33226,OUT_OF_BED,1446444900
16231,OUT_OF_BED,1446454200
23058,SLEEP,1446428700
39181,IN_BED,1446419040
38201,SLEEP,1446423300
20901,WAKE_UP,1446445200
37516,SLEEP,1446427080
37516,OUT_OF_BED,1446449400
39935,OUT_OF_BED,1446449460
39094,WAKE_UP,1446444000
39094,OUT_OF_BED,1446444540
28835,OUT_OF_BED,1446445200
24225,WAKE_UP,1446444060
30688,WAKE_UP,1446453000
30369,SLEEP,1446422700
33071,WAKE_UP,1446444780
33071,OUT_OF_BED,1446444960
35735,OUT_OF_BED,1446449100
42656,WAKE_UP,1446449400
42656,OUT_OF_BED,1446449460
1137,WAKE_UP,1446447720
1137,OUT_OF_BED,1446447840
35604,WAKE_UP,1446440820
35604,OUT_OF_BED,1446440880
34379,WAKE_UP,1446442920
25082,OUT_OF_BED,1446450900
34379,OUT_OF_BED,1446443100
29956,OUT_OF_BED,1446449100
34708,OUT_OF_BED,1446448560
30384,WAKE_UP,1446447900
30384,OUT_OF_BED,1446447960
19611,IN_BED,1446420420
29988,WAKE_UP,1446446100
29988,OUT_OF_BED,1446447000
34986,OUT_OF_BED,1446443820
36255,OUT_OF_BED,1446455700
38739,WAKE_UP,1446450300
38739,OUT_OF_BED,1446450360
20633,WAKE_UP,1446455520
44610,IN_BED,1446422820
44610,OUT_OF_BED,1446451260
28374,OUT_OF_BED,1446468480
28374,SLEEP,1446439800
43655,OUT_OF_BED,1446450300
17197,OUT_OF_BED,1446458400
42754,IN_BED,1446417300
42660,OUT_OF_BED,1446446100
20196,WAKE_UP,1446440400
28323,OUT_OF_BED,1446476100
28323,WAKE_UP,1446475320
33341,OUT_OF_BED,1446448800
39082,IN_BED,1446441120
39082,WAKE_UP,1446456600
29506,WAKE_UP,1446447660
29506,OUT_OF_BED,1446447720
41239,WAKE_UP,1446453120
41239,OUT_OF_BED,1446453480
42167,IN_BED,1446416100
15116,WAKE_UP,1446445800
15116,OUT_OF_BED,1446446040
32530,SLEEP,1446416820
41503,OUT_OF_BED,1446441720
35342,OUT_OF_BED,1446447600
24266,OUT_OF_BED,1446435000
39633,OUT_OF_BED,1446450540
17092,WAKE_UP,1446447300
21168,OUT_OF_BED,1446436920
17092,OUT_OF_BED,1446448200
44109,OUT_OF_BED,1446448140
24396,WAKE_UP,1446447780
24396,OUT_OF_BED,1446448440
18120,IN_BED,1446409320
18120,SLEEP,1446410700
36200,WAKE_UP,1446445200
36200,OUT_OF_BED,1446445320
38914,IN_BED,1446417600
33024,IN_BED,1446419760
36855,OUT_OF_BED,1446438900
42940,OUT_OF_BED,1446453720
38914,SLEEP,1446418200
34778,OUT_OF_BED,1446451860
36855,WAKE_UP,1446438600
24265,SLEEP,1446424260
38914,WAKE_UP,1446453420
38914,OUT_OF_BED,1446453480
34778,WAKE_UP,1446451800
33403,WAKE_UP,1446458400
33024,SLEEP,1446421260
18566,WAKE_UP,1446436860
21261,WAKE_UP,1446444000
18566,OUT_OF_BED,1446439200
21261,OUT_OF_BED,1446444240
30513,IN_BED,1446422760
30513,SLEEP,1446424380
30513,WAKE_UP,1446450300
35750,OUT_OF_BED,1446445800
16554,WAKE_UP,1446446520
18189,OUT_OF_BED,1446443280
42839,OUT_OF_BED,1446443400
30372,OUT_OF_BED,1446449640
42040,WAKE_UP,1446453000
22007,OUT_OF_BED,1446450300
22007,WAKE_UP,1446448500
29838,WAKE_UP,1446448500
29838,OUT_OF_BED,1446450360
41968,IN_BED,1446448560
41095,OUT_OF_BED,1446442620
35797,OUT_OF_BED,1446443700
35797,WAKE_UP,1446443400
35673,WAKE_UP,1446450300
35673,OUT_OF_BED,1446450360
26260,WAKE_UP,1446446100
26260,OUT_OF_BED,1446449400
15132,WAKE_UP,1446443940
15132,OUT_OF_BED,1446444000
44443,WAKE_UP,1446449160
42503,OUT_OF_BED,1446444720
41949,WAKE_UP,1446449400
41949,OUT_OF_BED,1446449460
41545,IN_BED,1446439500
27861,WAKE_UP,1446447000
41545,OUT_OF_BED,1446470580
1526,WAKE_UP,1446444480
1526,OUT_OF_BED,1446445920
41589,OUT_OF_BED,1446449700
24625,OUT_OF_BED,1446446100
1524,SLEEP,1446439800
20744,WAKE_UP,1446446400
1524,OUT_OF_BED,1446478200
1524,WAKE_UP,1446474600
1524,IN_BED,1446437400
42190,IN_BED,1446423720
38474,OUT_OF_BED,1446450600
26241,OUT_OF_BED,1446447000
24639,WAKE_UP,1446441300
24639,OUT_OF_BED,1446442200
24639,IN_BED,1446417000
24639,SLEEP,1446417900
39325,OUT_OF_BED,1446462060
31276,IN_BED,1446416400
31276,SLEEP,1446417900
30508,OUT_OF_BED,1446454800
31905,WAKE_UP,1446442200
31276,WAKE_UP,1446442500
31905,OUT_OF_BED,1446444000
23624,OUT_OF_BED,1446453540
27523,IN_BED,1446424200
21642,WAKE_UP,1446445500
21642,OUT_OF_BED,1446445560
17867,OUT_OF_BED,1446435720
38120,WAKE_UP,1446449940
38120,OUT_OF_BED,1446450360
32847,WAKE_UP,1446455700
28762,OUT_OF_BED,1446471960
28762,WAKE_UP,1446470100
25490,WAKE_UP,1446449880
33146,SLEEP,1446440400
38872,OUT_OF_BED,1446456660
27395,WAKE_UP,1446447600
22155,WAKE_UP,1446446580
44339,OUT_OF_BED,1446449100
23223,OUT_OF_BED,1446444060
23223,WAKE_UP,1446444000
33396,OUT_OF_BED,1446447720
27730,IN_BED,1446416400
34112,WAKE_UP,1446453780
21829,IN_BED,1446419700
20521,IN_BED,1446426000
20521,SLEEP,1446426540
20521,WAKE_UP,1446448320
43275,SLEEP,1446420060
20521,OUT_OF_BED,1446448500
1702,SLEEP,1446417600
1702,WAKE_UP,1446445800
1702,OUT_OF_BED,1446447000
20567,WAKE_UP,1446449640
21385,WAKE_UP,1446455880
21385,OUT_OF_BED,1446459360
16322,WAKE_UP,1446436800
41968,OUT_OF_BED,1446468360
41968,WAKE_UP,1446468180
36146,IN_BED,1446413100
36175,WAKE_UP,1446451200
36146,SLEEP,1446415200
30683,WAKE_UP,1446444900
30683,OUT_OF_BED,1446445260
16535,OUT_OF_BED,1446452640
18641,OUT_OF_BED,1446440880
38440,IN_BED,1446413100
17086,WAKE_UP,1446446820
17086,OUT_OF_BED,1446446880
34811,WAKE_UP,1446448800
34811,OUT_OF_BED,1446449100
22761,WAKE_UP,1446445260
22761,OUT_OF_BED,1446445500
20200,WAKE_UP,1446450300
20200,OUT_OF_BED,1446450600
34271,IN_BED,1446435300
23028,SLEEP,1446417600
23028,WAKE_UP,1446440100
43447,WAKE_UP,1446445800
27000,WAKE_UP,1446444900
27000,OUT_OF_BED,1446444960
42867,OUT_OF_BED,1446447600
38894,SLEEP,1446417960
36974,OUT_OF_BED,1446443280
36974,WAKE_UP,1446442200
39151,WAKE_UP,1446446700
39151,OUT_OF_BED,1446446760
43992,WAKE_UP,1446457680
43992,OUT_OF_BED,1446460620
43992,IN_BED,1446425220
22362,IN_BED,1446417660
22362,WAKE_UP,1446445800
22362,OUT_OF_BED,1446445980
32837,WAKE_UP,1446452100
32837,OUT_OF_BED,1446452160
28880,WAKE_UP,1446444900
40369,OUT_OF_BED,1446448500
28880,OUT_OF_BED,1446448140
40369,WAKE_UP,1446444300
17275,IN_BED,1446420600
40238,OUT_OF_BED,1446443580
17275,WAKE_UP,1446448500
17275,OUT_OF_BED,1446450360
23546,IN_BED,1446415740
44034,WAKE_UP,1446447600
44034,OUT_OF_BED,1446447660
18653,WAKE_UP,1446442800
18653,OUT_OF_BED,1446442860
44414,WAKE_UP,1446445200
44414,OUT_OF_BED,1446445800
32288,WAKE_UP,1446444600
30853,OUT_OF_BED,1446447600
42718,WAKE_UP,1446446400
24783,OUT_OF_BED,1446446400
17110,OUT_OF_BED,1446441360
16435,WAKE_UP,1446448020
16435,OUT_OF_BED,1446448080
17110,WAKE_UP,1446436800
42779,IN_BED,1446416100
44557,IN_BED,1446416100
34273,WAKE_UP,1446452400
34273,OUT_OF_BED,1446452880
15249,WAKE_UP,1446443100
38980,OUT_OF_BED,1446449400
19920,OUT_OF_BED,1446448200
40404,WAKE_UP,1446441240
22034,WAKE_UP,1446443580
22034,OUT_OF_BED,1446443820
40736,OUT_OF_BED,1446439020
22318,WAKE_UP,1446440400
22318,OUT_OF_BED,1446440580
44226,WAKE_UP,1446445080
44226,OUT_OF_BED,1446445140
42495,WAKE_UP,1446445800
16661,OUT_OF_BED,1446440400
19304,IN_BED,1446423300
19304,WAKE_UP,1446451200
19304,OUT_OF_BED,1446453000
27945,IN_BED,1446421980
1817,IN_BED,1446420000
1817,SLEEP,1446420360
25183,WAKE_UP,1446445920
25183,OUT_OF_BED,1446445980
19617,WAKE_UP,1446445320
19617,OUT_OF_BED,1446445380
23672,WAKE_UP,1446445080
23672,OUT_OF_BED,1446445320
44332,WAKE_UP,1446443940
44458,OUT_OF_BED,1446445860
44458,WAKE_UP,1446444300
18400,WAKE_UP,1446445380
18400,OUT_OF_BED,1446445800
16042,IN_BED,1446423000
32555,WAKE_UP,1446443100
16042,OUT_OF_BED,1446445260
32555,OUT_OF_BED,1446443160
43612,WAKE_UP,1446445440
18877,OUT_OF_BED,1446451800
30755,WAKE_UP,1446444900
30755,OUT_OF_BED,1446445020
20192,OUT_OF_BED,1446446100
25224,OUT_OF_BED,1446444480
35630,WAKE_UP,1446445200
35630,OUT_OF_BED,1446447900
18528,OUT_OF_BED,1446442500
30961,WAKE_UP,1446439800
30961,OUT_OF_BED,1446440100
41445,WAKE_UP,1446444000
41445,OUT_OF_BED,1446444900
23456,OUT_OF_BED,1446451920
32013,WAKE_UP,1446451200
43551,WAKE_UP,1446449160
43551,OUT_OF_BED,1446449220
36933,OUT_OF_BED,1446437820
15983,WAKE_UP,1446447600
31243,OUT_OF_BED,1446438600
32807,WAKE_UP,1446445380
32807,IN_BED,1446421020
41392,OUT_OF_BED,1446443640
43185,IN_BED,1446425820
43185,OUT_OF_BED,1446449520
31557,WAKE_UP,1446448500
31557,OUT_OF_BED,1446448560
37308,WAKE_UP,1446447360
31944,OUT_OF_BED,1446445800
44550,OUT_OF_BED,1446442200
40404,OUT_OF_BED,1446441300
19648,OUT_OF_BED,1446448800
19504,OUT_OF_BED,1446456000
38899,WAKE_UP,1446446760
36306,WAKE_UP,1446446400
38899,OUT_OF_BED,1446446820
24565,IN_BED,1446426300
38441,OUT_OF_BED,1446444060
24565,WAKE_UP,1446447960
24565,OUT_OF_BED,1446448020
33453,OUT_OF_BED,1446451620
22922,SLEEP,1446416700
39573,WAKE_UP,1446441840
33461,WAKE_UP,1446450600
19217,IN_BED,1446424800
23262,WAKE_UP,1446440700
39573,OUT_OF_BED,1446441900
33461,OUT_OF_BED,1446451200
23060,WAKE_UP,1446444000
23060,OUT_OF_BED,1446446400
21845,WAKE_UP,1446454980
33461,IN_BED,1446426000
41776,WAKE_UP,1446446700
41776,OUT_OF_BED,1446446880
18128,SLEEP,1446426900
18128,IN_BED,1446426540
19217,OUT_OF_BED,1446453600
19217,SLEEP,1446427260
43709,IN_BED,1446419400
43709,SLEEP,1446421260
42366,OUT_OF_BED,1446443400
41520,OUT_OF_BED,1446449580
19967,OUT_OF_BED,1446446760
22982,WAKE_UP,1446444960
22982,OUT_OF_BED,1446445020
38872,IN_BED,1446408540
38872,SLEEP,1446423780
35953,WAKE_UP,1446442500
35953,OUT_OF_BED,1446442800
38872,WAKE_UP,1446449400
35953,SLEEP,1446417600
17295,OUT_OF_BED,1446447720
16740,WAKE_UP,1446452100
16740,OUT_OF_BED,1446452220
36552,OUT_OF_BED,1446445080
38298,SLEEP,1446425460
22513,WAKE_UP,1446440520
19613,IN_BED,1446419160
24238,OUT_OF_BED,1446437700
34049,WAKE_UP,1446447660
24238,WAKE_UP,1446437400
22513,OUT_OF_BED,1446440700
19613,WAKE_UP,1446442080
17314,WAKE_UP,1446453960
17314,OUT_OF_BED,1446454080
37766,SLEEP,1446428400
37766,WAKE_UP,1446453120
44520,OUT_OF_BED,1446452400
24130,OUT_OF_BED,1446450600
17105,OUT_OF_BED,1446442200
39246,SLEEP,1446417420
39246,IN_BED,1446414480
19600,SLEEP,1446457500
22723,WAKE_UP,1446453000
22723,OUT_OF_BED,1446453300
15190,OUT_OF_BED,1446450300
15190,WAKE_UP,1446449580
24316,IN_BED,1446420840
17790,WAKE_UP,1446453120
17790,OUT_OF_BED,1446453300
32593,OUT_OF_BED,1446441180
19581,OUT_OF_BED,1446448500
19581,WAKE_UP,1446447360
42597,OUT_OF_BED,1446447600
29259,WAKE_UP,1446449400
29259,OUT_OF_BED,1446456600
43934,OUT_OF_BED,1446446100
34777,OUT_OF_BED,1446444180
32223,SLEEP,1446420420
32223,WAKE_UP,1446453780
32223,OUT_OF_BED,1446454320
37372,WAKE_UP,1446447600
23268,WAKE_UP,1446448620
23005,OUT_OF_BED,1446456600
40075,WAKE_UP,1446447600
33571,WAKE_UP,1446444120
33571,OUT_OF_BED,1446445920
34673,OUT_OF_BED,1446450000
31277,WAKE_UP,1446447600
31277,OUT_OF_BED,1446447660
42859,WAKE_UP,1446457500
40558,IN_BED,1446415080
23566,IN_BED,1446420600
23566,SLEEP,1446429600
23566,WAKE_UP,1446452580
23566,OUT_OF_BED,1446453900
38238,WAKE_UP,1446444000
38238,OUT_OF_BED,1446445020
34584,WAKE_UP,1446452100
34584,OUT_OF_BED,1446452400
35022,WAKE_UP,1446452100
23427,WAKE_UP,1446444000
35022,OUT_OF_BED,1446452160
23427,OUT_OF_BED,1446445500
26025,WAKE_UP,1446451560
26025,OUT_OF_BED,1446451860
39439,SLEEP,1446424200
39439,IN_BED,1446422760
44094,OUT_OF_BED,1446449460
33643,WAKE_UP,1446451560
33643,OUT_OF_BED,1446451620
33643,SLEEP,1446417900
42823,IN_BED,1446440640
33818,OUT_OF_BED,1446447600
40249,OUT_OF_BED,1446453600
38032,IN_BED,1446419400
38032,SLEEP,1446421860
38032,OUT_OF_BED,1446445500
1614,WAKE_UP,1446448800
29851,WAKE_UP,1446447600
29851,OUT_OF_BED,1446447660
25153,OUT_OF_BED,1446448140
25153,WAKE_UP,1446446280
43585,OUT_OF_BED,1446445800
26396,WAKE_UP,1446461940
23154,WAKE_UP,1446445800
39915,WAKE_UP,1446447600
23154,OUT_OF_BED,1446445860
39915,OUT_OF_BED,1446448140
16017,OUT_OF_BED,1446453960
23863,OUT_OF_BED,1446452520
40941,IN_BED,1446418860
40941,WAKE_UP,1446444900
40941,OUT_OF_BED,1446446700
39863,IN_BED,1446433200
16093,IN_BED,1446437400
23615,IN_BED,1446430320
23615,SLEEP,1446430620
40143,WAKE_UP,1446452100
40143,OUT_OF_BED,1446453000
37335,WAKE_UP,1446447600
37335,OUT_OF_BED,1446454860
26548,OUT_OF_BED,1446446160
36112,WAKE_UP,1446443940
36112,OUT_OF_BED,1446444300
33050,WAKE_UP,1446441300
33050,OUT_OF_BED,1446442320
29805,WAKE_UP,1446446460
29805,OUT_OF_BED,1446446760
34737,OUT_OF_BED,1446446520
20760,IN_BED,1446417000
18648,IN_BED,1446423300
18648,SLEEP,1446424200
30980,WAKE_UP,1446453780
30980,OUT_OF_BED,1446453900
37642,WAKE_UP,1446451200
1310,IN_BED,1446421800
1310,SLEEP,1446423600
26276,WAKE_UP,1446441660
26276,OUT_OF_BED,1446442200
21638,WAKE_UP,1446446100
21638,OUT_OF_BED,1446446400
19693,OUT_OF_BED,1446444300
19000,WAKE_UP,1446452100
37042,IN_BED,1446427620
37042,WAKE_UP,1446445800
37042,OUT_OF_BED,1446446940
40300,OUT_OF_BED,1446444660
25243,IN_BED,1446419700
25243,WAKE_UP,1446442740
25243,OUT_OF_BED,1446442800
1086,IN_BED,1446419040
1086,SLEEP,1446429900
27838,WAKE_UP,1446444600
27838,OUT_OF_BED,1446445440
30677,OUT_OF_BED,1446447840
39597,WAKE_UP,1446441600
30440,WAKE_UP,1446445380
30440,OUT_OF_BED,1446449280
39613,WAKE_UP,1446443700
40464,WAKE_UP,1446447000
40464,OUT_OF_BED,1446447300
21469,OUT_OF_BED,1446450360
16111,OUT_OF_BED,1446447780
32096,WAKE_UP,1446440760
32096,OUT_OF_BED,1446441000
19865,OUT_OF_BED,1446448980
24552,OUT_OF_BED,1446440460
16200,OUT_OF_BED,1446454800
25094,WAKE_UP,1446460500
25094,SLEEP,1446427140
39201,OUT_OF_BED,1446445020
44610,SLEEP,1446432120
33288,OUT_OF_BED,1446444600
33288,WAKE_UP,1446444540
26048,WAKE_UP,1446453000
22349,WAKE_UP,1446447600
22349,OUT_OF_BED,1446448560
23954,OUT_OF_BED,1446453300
23954,WAKE_UP,1446451500
19595,OUT_OF_BED,1446446700
39131,SLEEP,1446428220
39131,WAKE_UP,1446451020
25088,IN_BED,1446419340
25088,WAKE_UP,1446441600
25088,OUT_OF_BED,1446441720
20804,OUT_OF_BED,1446443760
19460,OUT_OF_BED,1446454800
20741,IN_BED,1446422460
20741,WAKE_UP,1446445500
20741,OUT_OF_BED,1446445560
30840,WAKE_UP,1446442200
30840,OUT_OF_BED,1446442320
18880,OUT_OF_BED,1446440400
39766,IN_BED,1446421440
39412,WAKE_UP,1446458040
27882,WAKE_UP,1446449400
18461,SLEEP,1446415860
18461,WAKE_UP,1446440400
26677,WAKE_UP,1446446940
35339,WAKE_UP,1446445800
35339,OUT_OF_BED,1446448080
32312,OUT_OF_BED,1446440820
22375,IN_BED,1446420660
22375,SLEEP,1446421200
22375,WAKE_UP,1446448860
22375,OUT_OF_BED,1446449100
