account_id,algorithm,version,created_date,target_date
15304,hmm,none,2015-05-18,2015-05-17
15305,hmm,none,2015-05-16,2015-05-15
18452,hmm,none,2015-05-16,2015-05-15
18452,hmm,none,2015-05-17,2015-05-16
19544,hmm,none,2015-05-16,2015-05-15
19544,wupang,wupang_backup_for_hmm,2015-05-16,2015-05-15
19544,hmm,none,2015-05-17,2015-05-16
19544,hmm,none,2015-05-18,2015-05-17
17600,hmm,none,2015-05-17,2015-05-16
19547,hmm,none,2015-05-17,2015-05-15
19547,hmm,none,2015-05-17,2015-05-16
19547,hmm,none,2015-05-18,2015-05-17
16262,wupang,wupang_backup_for_hmm,2015-05-17,2015-05-15
16262,hmm,none,2015-05-17,2015-05-16
16262,hmm,none,2015-05-18,2015-05-17
17603,hmm,none,2015-05-17,2015-05-15
17603,hmm,none,2015-05-17,2015-05-16
16263,hmm,none,2015-05-16,2015-05-15
16263,hmm,none,2015-05-18,2015-05-17
16256,hmm,none,2015-05-18,2015-05-15
16256,hmm,none,2015-05-18,2015-05-16
16256,hmm,none,2015-05-18,2015-05-17
19550,hmm,none,2015-05-16,2015-05-15
19550,hmm,none,2015-05-17,2015-05-16
18450,hmm,none,2015-05-18,2015-05-16
15296,hmm,none,2015-05-16,2015-05-15
15296,wupang,wupang_backup_for_hmm,2015-05-17,2015-05-16
15301,hmm,none,2015-05-18,2015-05-16
19542,hmm,none,2015-05-17,2015-05-16
19528,hmm,none,2015-05-16,2015-05-15
19528,hmm,none,2015-05-18,2015-05-17
18437,hmm,none,2015-05-17,2015-05-15
18437,wupang,wupang_backup_for_hmm,2015-05-16,2015-05-15
18437,hmm,none,2015-05-18,2015-05-16
18437,hmm,none,2015-05-18,2015-05-17
16279,hmm,none,2015-05-16,2015-05-15
16279,hmm,none,2015-05-17,2015-05-16
15323,hmm,none,2015-05-16,2015-05-15
15323,hmm,none,2015-05-17,2015-05-16
15322,hmm,none,2015-05-18,2015-05-17
15313,wupang,wupang_backup_for_hmm,2015-05-16,2015-05-15
15313,wupang,wupang_backup_for_hmm,2015-05-18,2015-05-16
15313,hmm,none,2015-05-18,2015-05-17
16287,hmm,none,2015-05-17,2015-05-15
18447,hmm,none,2015-05-17,2015-05-15
18447,hmm,none,2015-05-18,2015-05-16
18447,hmm,none,2015-05-18,2015-05-17
19525,hmm,none,2015-05-17,2015-05-16
15316,hmm,none,2015-05-17,2015-05-15
15316,wupang,wupang_backup_for_hmm,2015-05-17,2015-05-16
16530,hmm,none,2015-05-17,2015-05-15
16530,hmm,none,2015-05-17,2015-05-16
1135,hmm,none,2015-05-16,2015-05-15
1135,wupang,wupang_backup_for_hmm,2015-05-18,2015-05-16
1132,hmm,none,2015-05-16,2015-05-15
1132,hmm,none,2015-05-18,2015-05-16
18483,hmm,none,2015-05-16,2015-05-15
18481,hmm,none,2015-05-17,2015-05-15
18481,hmm,none,2015-05-18,2015-05-16
18481,hmm,none,2015-05-18,2015-05-17
17637,hmm,none,2015-05-17,2015-05-15
17637,hmm,none,2015-05-18,2015-05-16
17637,hmm,none,2015-05-18,2015-05-17
17636,hmm,none,2015-05-16,2015-05-15
17636,hmm,none,2015-05-18,2015-05-16
17636,hmm,none,2015-05-18,2015-05-17
16550,hmm,none,2015-05-18,2015-05-17
16303,wupang,wupang_backup_for_hmm,2015-05-18,2015-05-15
16303,wupang,wupang_backup_for_hmm,2015-05-17,2015-05-16
16303,hmm,none,2015-05-18,2015-05-17
18490,hmm,none,2015-05-16,2015-05-15
18490,hmm,none,2015-05-17,2015-05-16
18490,hmm,none,2015-05-18,2015-05-17
18470,wupang,wupang_backup_for_hmm,2015-05-17,2015-05-15
18470,wupang,wupang_backup_for_hmm,2015-05-17,2015-05-16
18470,hmm,none,2015-05-18,2015-05-17
16574,hmm,none,2015-05-18,2015-05-15
16574,hmm,none,2015-05-18,2015-05-16
16574,hmm,none,2015-05-18,2015-05-17
19561,hmm,none,2015-05-18,2015-05-17
16567,hmm,none,2015-05-18,2015-05-15
16567,hmm,none,2015-05-18,2015-05-16
16567,wupang,wupang_backup_for_hmm,2015-05-18,2015-05-17
16312,wupang,wupang_backup_for_hmm,2015-05-18,2015-05-16
16312,wupang,wupang_backup_for_hmm,2015-05-18,2015-05-17
17661,wupang,wupang_backup_for_hmm,2015-05-17,2015-05-15
17661,hmm,none,2015-05-17,2015-05-16
1136,hmm,none,2015-05-16,2015-05-15
1136,hmm,none,2015-05-18,2015-05-16
1136,hmm,none,2015-05-18,2015-05-17
15244,hmm,none,2015-05-17,2015-05-16
15244,hmm,none,2015-05-18,2015-05-17
16322,wupang,wupang_backup_for_hmm,2015-05-17,2015-05-15
16322,hmm,none,2015-05-17,2015-05-16
16322,wupang,wupang_backup_for_hmm,2015-05-18,2015-05-17
16587,hmm,none,2015-05-16,2015-05-15
16587,hmm,none,2015-05-17,2015-05-16
18514,hmm,none,2015-05-17,2015-05-16
16589,hmm,none,2015-05-17,2015-05-15
16589,hmm,none,2015-05-17,2015-05-16
16589,hmm,none,2015-05-18,2015-05-17
1038,hmm,none,2015-05-17,2015-05-16
16326,hmm,none,2015-05-16,2015-05-15
16326,hmm,none,2015-05-17,2015-05-16
16590,hmm,none,2015-05-18,2015-05-17
17551,hmm,none,2015-05-17,2015-05-15
17551,hmm,none,2015-05-17,2015-05-16
17551,hmm,none,2015-05-18,2015-05-17
18525,hmm,none,2015-05-17,2015-05-15
18525,hmm,none,2015-05-18,2015-05-16
17545,hmm,none,2015-05-16,2015-05-15
17545,hmm,none,2015-05-17,2015-05-16
17558,hmm,none,2015-05-16,2015-05-15
17552,hmm,none,2015-05-18,2015-05-15
17552,hmm,none,2015-05-18,2015-05-17
1053,hmm,none,2015-05-18,2015-05-15
1053,hmm,none,2015-05-18,2015-05-16
1053,hmm,none,2015-05-18,2015-05-17
15259,hmm,none,2015-05-17,2015-05-15
15259,hmm,none,2015-05-17,2015-05-16
16607,hmm,none,2015-05-18,2015-05-15
16607,hmm,none,2015-05-17,2015-05-16
16592,hmm,none,2015-05-16,2015-05-15
16592,hmm,none,2015-05-17,2015-05-16
16592,hmm,none,2015-05-18,2015-05-17
19462,hmm,none,2015-05-17,2015-05-15
19462,hmm,none,2015-05-17,2015-05-16
19462,hmm,none,2015-05-18,2015-05-17
17566,hmm,none,2015-05-16,2015-05-15
16354,hmm,none,2015-05-18,2015-05-15
16354,hmm,none,2015-05-18,2015-05-16
16354,hmm,none,2015-05-18,2015-05-17
17575,hmm,none,2015-05-16,2015-05-15
17575,hmm,none,2015-05-18,2015-05-16
17575,hmm,none,2015-05-18,2015-05-17
18547,hmm,none,2015-05-18,2015-05-17
17574,wupang,wupang_backup_for_hmm,2015-05-16,2015-05-15
17574,hmm,none,2015-05-18,2015-05-16
16355,hmm,none,2015-05-18,2015-05-15
16355,hmm,none,2015-05-18,2015-05-16
16355,hmm,none,2015-05-18,2015-05-17
19518,hmm,none,2015-05-17,2015-05-15
19518,hmm,none,2015-05-18,2015-05-16
19518,hmm,none,2015-05-18,2015-05-17
16353,hmm,none,2015-05-17,2015-05-16
17571,hmm,none,2015-05-16,2015-05-15
17571,wupang,wupang_backup_for_hmm,2015-05-16,2015-05-15
17571,hmm,none,2015-05-17,2015-05-16
17571,hmm,none,2015-05-18,2015-05-17
18551,hmm,none,2015-05-16,2015-05-15
18551,wupang,wupang_backup_for_hmm,2015-05-17,2015-05-16
18551,wupang,wupang_backup_for_hmm,2015-05-18,2015-05-17
1068,wupang,wupang_backup_for_hmm,2015-05-16,2015-05-15
1068,hmm,none,2015-05-18,2015-05-16
19511,hmm,none,2015-05-17,2015-05-15
19511,hmm,none,2015-05-17,2015-05-16
19511,hmm,none,2015-05-18,2015-05-17
18555,hmm,none,2015-05-16,2015-05-15
18555,wupang,wupang_backup_for_hmm,2015-05-17,2015-05-16
18555,wupang,wupang_backup_for_hmm,2015-05-18,2015-05-17
16610,hmm,none,2015-05-16,2015-05-15
16610,hmm,none,2015-05-18,2015-05-17
18559,wupang,wupang_backup_for_hmm,2015-05-16,2015-05-15
17578,hmm,none,2015-05-17,2015-05-15
17577,hmm,none,2015-05-16,2015-05-15
17577,hmm,none,2015-05-18,2015-05-16
17577,hmm,none,2015-05-18,2015-05-17
19505,hmm,none,2015-05-17,2015-05-15
19505,hmm,none,2015-05-18,2015-05-16
19505,hmm,none,2015-05-18,2015-05-17
18557,hmm,none,2015-05-18,2015-05-17
15265,wupang,wupang_backup_for_hmm,2015-05-17,2015-05-15
17591,hmm,none,2015-05-16,2015-05-15
17591,hmm,none,2015-05-17,2015-05-16
17591,hmm,none,2015-05-18,2015-05-17
16632,hmm,none,2015-05-16,2015-05-15
16632,hmm,none,2015-05-18,2015-05-17
19501,hmm,none,2015-05-16,2015-05-15
17584,hmm,none,2015-05-17,2015-05-15
15286,hmm,none,2015-05-16,2015-05-15
15286,hmm,none,2015-05-18,2015-05-16
15286,hmm,none,2015-05-18,2015-05-17
19495,hmm,none,2015-05-16,2015-05-15
16627,hmm,none,2015-05-17,2015-05-15
16378,hmm,none,2015-05-18,2015-05-15
16378,hmm,none,2015-05-18,2015-05-16
16378,wupang,wupang_backup_for_hmm,2015-05-18,2015-05-17
17597,wupang,wupang_backup_for_hmm,2015-05-17,2015-05-15
17597,wupang,wupang_backup_for_hmm,2015-05-18,2015-05-16
17597,hmm,none,2015-05-18,2015-05-17
18537,wupang,wupang_backup_for_hmm,2015-05-16,2015-05-15
18537,hmm,none,2015-05-17,2015-05-16
18537,hmm,none,2015-05-18,2015-05-17
19490,hmm,none,2015-05-17,2015-05-15
19490,wupang,wupang_backup_for_hmm,2015-05-18,2015-05-16
19490,hmm,none,2015-05-18,2015-05-17
18543,hmm,none,2015-05-16,2015-05-15
18543,hmm,none,2015-05-18,2015-05-16
18543,hmm,none,2015-05-18,2015-05-17
16389,hmm,none,2015-05-16,2015-05-15
16389,hmm,none,2015-05-17,2015-05-16
16389,hmm,none,2015-05-18,2015-05-17
19665,hmm,none,2015-05-18,2015-05-15
19665,wupang,wupang_backup_for_hmm,2015-05-18,2015-05-16
19665,hmm,none,2015-05-18,2015-05-17
19666,hmm,none,2015-05-16,2015-05-15
1222,hmm,none,2015-05-17,2015-05-15
1222,hmm,none,2015-05-17,2015-05-16
19668,hmm,none,2015-05-18,2015-05-15
19668,hmm,none,2015-05-17,2015-05-16
19668,hmm,none,2015-05-18,2015-05-17
19672,hmm,none,2015-05-18,2015-05-15
19672,hmm,none,2015-05-18,2015-05-16
19672,hmm,none,2015-05-18,2015-05-17
1228,hmm,none,2015-05-18,2015-05-16
1228,wupang,wupang_backup_for_hmm,2015-05-17,2015-05-16
1228,wupang,wupang_backup_for_hmm,2015-05-18,2015-05-17
18577,hmm,none,2015-05-16,2015-05-15
18577,hmm,none,2015-05-17,2015-05-16
18577,hmm,none,2015-05-18,2015-05-17
19648,wupang,wupang_backup_for_hmm,2015-05-18,2015-05-16
16154,hmm,none,2015-05-16,2015-05-15
16154,hmm,none,2015-05-17,2015-05-16
16154,hmm,none,2015-05-18,2015-05-17
19655,hmm,none,2015-05-17,2015-05-15
19655,wupang,wupang_backup_for_hmm,2015-05-17,2015-05-16
19657,hmm,none,2015-05-17,2015-05-15
19657,hmm,none,2015-05-17,2015-05-16
19657,hmm,none,2015-05-18,2015-05-17
17488,hmm,none,2015-05-17,2015-05-15
17488,hmm,none,2015-05-18,2015-05-16
17488,hmm,none,2015-05-18,2015-05-17
19661,hmm,none,2015-05-17,2015-05-15
19661,hmm,none,2015-05-17,2015-05-16
19661,hmm,none,2015-05-18,2015-05-17
19660,hmm,none,2015-05-17,2015-05-15
19660,hmm,none,2015-05-17,2015-05-16
19663,hmm,none,2015-05-18,2015-05-17
16146,hmm,none,2015-05-16,2015-05-15
16175,hmm,none,2015-05-17,2015-05-15
16175,hmm,none,2015-05-17,2015-05-16
16175,hmm,none,2015-05-18,2015-05-17
19699,hmm,none,2015-05-16,2015-05-15
19699,hmm,none,2015-05-17,2015-05-16
17515,wupang,wupang_backup_for_hmm,2015-05-17,2015-05-16
17515,wupang,wupang_backup_for_hmm,2015-05-18,2015-05-17
19697,hmm,none,2015-05-16,2015-05-15
19697,hmm,none,2015-05-17,2015-05-16
19697,hmm,none,2015-05-18,2015-05-17
17519,hmm,none,2015-05-17,2015-05-16
17519,wupang,wupang_backup_for_hmm,2015-05-18,2015-05-17
16169,hmm,none,2015-05-16,2015-05-15
16169,hmm,none,2015-05-18,2015-05-16
18614,hmm,none,2015-05-16,2015-05-15
18614,hmm,none,2015-05-18,2015-05-17
16431,hmm,none,2015-05-17,2015-05-15
16431,hmm,none,2015-05-17,2015-05-16
18615,hmm,none,2015-05-16,2015-05-15
18615,hmm,none,2015-05-17,2015-05-16
18615,hmm,none,2015-05-18,2015-05-17
18610,hmm,none,2015-05-17,2015-05-15
18610,hmm,none,2015-05-18,2015-05-16
18610,hmm,none,2015-05-18,2015-05-17
19710,hmm,none,2015-05-17,2015-05-15
19710,hmm,none,2015-05-17,2015-05-16
16163,hmm,none,2015-05-17,2015-05-15
16163,hmm,none,2015-05-18,2015-05-16
16163,wupang,wupang_backup_for_hmm,2015-05-17,2015-05-16
16163,hmm,none,2015-05-18,2015-05-17
17510,wupang,wupang_backup_for_hmm,2015-05-18,2015-05-17
15213,hmm,none,2015-05-17,2015-05-15
15213,hmm,none,2015-05-17,2015-05-16
18608,hmm,none,2015-05-18,2015-05-17
19708,hmm,none,2015-05-18,2015-05-15
19708,hmm,none,2015-05-18,2015-05-16
19708,wupang,wupang_backup_for_hmm,2015-05-17,2015-05-16
19708,hmm,none,2015-05-18,2015-05-17
16435,hmm,none,2015-05-17,2015-05-15
16435,hmm,none,2015-05-17,2015-05-16
16435,hmm,none,2015-05-18,2015-05-17
19686,hmm,none,2015-05-16,2015-05-15
19686,hmm,none,2015-05-17,2015-05-16
16434,hmm,none,2015-05-16,2015-05-15
17534,hmm,none,2015-05-16,2015-05-15
17534,hmm,none,2015-05-17,2015-05-16
17534,hmm,none,2015-05-18,2015-05-17
16182,hmm,none,2015-05-17,2015-05-15
16182,hmm,none,2015-05-18,2015-05-16
18596,hmm,none,2015-05-17,2015-05-15
18596,hmm,none,2015-05-18,2015-05-16
18596,wupang,wupang_backup_for_hmm,2015-05-18,2015-05-17
17520,hmm,none,2015-05-16,2015-05-15
17520,hmm,none,2015-05-17,2015-05-16
17520,hmm,none,2015-05-18,2015-05-17
19695,wupang,wupang_backup_for_hmm,2015-05-17,2015-05-15
19695,hmm,none,2015-05-18,2015-05-16
19695,hmm,none,2015-05-18,2015-05-17
15230,wupang,wupang_backup_for_hmm,2015-05-16,2015-05-15
16178,hmm,none,2015-05-18,2015-05-15
16178,hmm,none,2015-05-18,2015-05-16
18594,hmm,none,2015-05-18,2015-05-15
18594,hmm,none,2015-05-18,2015-05-16
18594,wupang,wupang_backup_for_hmm,2015-05-17,2015-05-16
17525,hmm,none,2015-05-16,2015-05-15
17525,hmm,none,2015-05-18,2015-05-16
17525,hmm,none,2015-05-18,2015-05-17
15229,hmm,none,2015-05-16,2015-05-15
15229,hmm,none,2015-05-17,2015-05-16
15229,hmm,none,2015-05-18,2015-05-17
19605,hmm,none,2015-05-18,2015-05-17
1155,hmm,none,2015-05-16,2015-05-15
1155,hmm,none,2015-05-17,2015-05-16
1155,hmm,none,2015-05-18,2015-05-17
16451,hmm,none,2015-05-17,2015-05-15
16451,hmm,none,2015-05-17,2015-05-16
16452,hmm,none,2015-05-16,2015-05-15
18653,hmm,none,2015-05-18,2015-05-17
18654,hmm,none,2015-05-16,2015-05-15
18654,hmm,none,2015-05-17,2015-05-16
18655,hmm,none,2015-05-16,2015-05-15
18655,hmm,none,2015-05-18,2015-05-17
17413,hmm,none,2015-05-18,2015-05-16
17413,hmm,none,2015-05-18,2015-05-17
19613,hmm,none,2015-05-17,2015-05-15
19613,hmm,none,2015-05-17,2015-05-16
19609,wupang,wupang_backup_for_hmm,2015-05-18,2015-05-16
18647,hmm,none,2015-05-18,2015-05-15
18647,hmm,none,2015-05-18,2015-05-17
16465,hmm,none,2015-05-16,2015-05-15
16465,hmm,none,2015-05-17,2015-05-16
17438,hmm,none,2015-05-18,2015-05-17
18634,wupang,wupang_backup_for_hmm,2015-05-17,2015-05-15
18634,wupang,wupang_backup_for_hmm,2015-05-17,2015-05-16
18634,hmm,none,2015-05-18,2015-05-17
17432,hmm,none,2015-05-18,2015-05-17
19584,hmm,none,2015-05-18,2015-05-15
19584,hmm,none,2015-05-18,2015-05-16
18638,wupang,wupang_backup_for_hmm,2015-05-18,2015-05-16
15132,wupang,wupang_backup_for_hmm,2015-05-17,2015-05-16
15132,hmm,none,2015-05-18,2015-05-17
17429,hmm,none,2015-05-17,2015-05-15
17429,hmm,none,2015-05-18,2015-05-16
17429,hmm,none,2015-05-18,2015-05-17
18625,hmm,none,2015-05-18,2015-05-15
18625,hmm,none,2015-05-18,2015-05-16
16479,hmm,none,2015-05-16,2015-05-15
19595,hmm,none,2015-05-16,2015-05-15
19595,hmm,none,2015-05-18,2015-05-16
16215,hmm,none,2015-05-17,2015-05-15
16215,hmm,none,2015-05-18,2015-05-16
16215,hmm,none,2015-05-18,2015-05-17
16478,hmm,none,2015-05-16,2015-05-15
16478,hmm,none,2015-05-18,2015-05-16
16478,hmm,none,2015-05-18,2015-05-17
18682,hmm,none,2015-05-18,2015-05-16
18682,hmm,none,2015-05-18,2015-05-17
18681,hmm,none,2015-05-16,2015-05-15
18681,hmm,none,2015-05-17,2015-05-16
18681,hmm,none,2015-05-18,2015-05-17
17450,hmm,none,2015-05-18,2015-05-17
19634,wupang,wupang_backup_for_hmm,2015-05-17,2015-05-15
19634,wupang,wupang_backup_for_hmm,2015-05-18,2015-05-16
19634,wupang,wupang_backup_for_hmm,2015-05-18,2015-05-17
17451,hmm,none,2015-05-16,2015-05-15
17451,hmm,none,2015-05-17,2015-05-16
17451,wupang,wupang_backup_for_hmm,2015-05-18,2015-05-17
18674,hmm,none,2015-05-16,2015-05-15
18674,hmm,none,2015-05-17,2015-05-16
18674,hmm,none,2015-05-18,2015-05-17
16248,hmm,none,2015-05-18,2015-05-15
16248,hmm,none,2015-05-18,2015-05-16
16248,hmm,none,2015-05-18,2015-05-17
19620,hmm,none,2015-05-18,2015-05-17
18664,hmm,none,2015-05-18,2015-05-17
15154,hmm,none,2015-05-18,2015-05-15
15154,hmm,none,2015-05-18,2015-05-16
18671,hmm,none,2015-05-18,2015-05-15
18671,wupang,wupang_backup_for_hmm,2015-05-16,2015-05-15
18671,hmm,none,2015-05-18,2015-05-16
18671,wupang,wupang_backup_for_hmm,2015-05-18,2015-05-17
19618,hmm,none,2015-05-17,2015-05-15
19618,wupang,wupang_backup_for_hmm,2015-05-17,2015-05-16
19618,wupang,wupang_backup_for_hmm,2015-05-18,2015-05-17
15155,hmm,none,2015-05-16,2015-05-15
15155,hmm,none,2015-05-18,2015-05-16
15155,hmm,none,2015-05-18,2015-05-17
19617,hmm,none,2015-05-16,2015-05-15
19617,hmm,none,2015-05-17,2015-05-16
17464,hmm,none,2015-05-16,2015-05-15
17464,hmm,none,2015-05-18,2015-05-17
19629,hmm,none,2015-05-18,2015-05-17
1215,hmm,none,2015-05-18,2015-05-15
1215,hmm,none,2015-05-18,2015-05-16
1215,hmm,none,2015-05-18,2015-05-17
19625,hmm,none,2015-05-17,2015-05-15
19625,wupang,wupang_backup_for_hmm,2015-05-17,2015-05-16
15160,hmm,none,2015-05-16,2015-05-15
19624,wupang,wupang_backup_for_hmm,2015-05-17,2015-05-15
19624,hmm,none,2015-05-18,2015-05-16
16023,hmm,none,2015-05-17,2015-05-15
16023,hmm,none,2015-05-18,2015-05-16
16023,hmm,none,2015-05-18,2015-05-17
1373,hmm,none,2015-05-16,2015-05-15
1373,hmm,none,2015-05-17,2015-05-16
1373,hmm,none,2015-05-18,2015-05-17
16796,hmm,none,2015-05-17,2015-05-15
19785,hmm,none,2015-05-17,2015-05-15
19785,hmm,none,2015-05-18,2015-05-16
19785,hmm,none,2015-05-18,2015-05-17
16020,hmm,none,2015-05-17,2015-05-15
16020,hmm,none,2015-05-17,2015-05-16
16020,hmm,none,2015-05-18,2015-05-17
19790,hmm,none,2015-05-17,2015-05-15
19790,hmm,none,2015-05-18,2015-05-16
19790,hmm,none,2015-05-18,2015-05-17
19788,hmm,none,2015-05-16,2015-05-15
19788,hmm,none,2015-05-18,2015-05-17
19789,hmm,none,2015-05-17,2015-05-15
19789,hmm,none,2015-05-17,2015-05-16
19789,hmm,none,2015-05-18,2015-05-17
18689,hmm,none,2015-05-18,2015-05-15
18689,hmm,none,2015-05-18,2015-05-16
18689,hmm,none,2015-05-18,2015-05-17
16790,hmm,none,2015-05-16,2015-05-15
17883,hmm,none,2015-05-16,2015-05-15
17883,hmm,none,2015-05-17,2015-05-16
17883,wupang,wupang_backup_for_hmm,2015-05-18,2015-05-17
15057,hmm,none,2015-05-17,2015-05-15
18697,hmm,none,2015-05-18,2015-05-17
19802,hmm,none,2015-05-16,2015-05-15
19802,hmm,none,2015-05-17,2015-05-16
18707,hmm,none,2015-05-16,2015-05-15
18707,hmm,none,2015-05-18,2015-05-17
16775,hmm,none,2015-05-18,2015-05-16
16775,hmm,none,2015-05-18,2015-05-17
18719,hmm,none,2015-05-17,2015-05-15
18719,hmm,none,2015-05-17,2015-05-16
19795,hmm,none,2015-05-17,2015-05-15
19795,hmm,none,2015-05-17,2015-05-16
19795,hmm,none,2015-05-18,2015-05-17
17866,hmm,none,2015-05-16,2015-05-15
17866,hmm,none,2015-05-18,2015-05-17
16771,hmm,none,2015-05-16,2015-05-15
16771,wupang,wupang_backup_for_hmm,2015-05-17,2015-05-16
16771,hmm,none,2015-05-18,2015-05-17
1346,hmm,none,2015-05-16,2015-05-15
1346,hmm,none,2015-05-18,2015-05-16
1346,hmm,none,2015-05-18,2015-05-17
18714,hmm,none,2015-05-16,2015-05-15
18714,hmm,none,2015-05-17,2015-05-16
18714,hmm,none,2015-05-18,2015-05-17
1347,hmm,none,2015-05-18,2015-05-16
1347,hmm,none,2015-05-18,2015-05-17
19816,hmm,none,2015-05-17,2015-05-15
19816,hmm,none,2015-05-18,2015-05-17
17905,wupang,wupang_backup_for_hmm,2015-05-17,2015-05-15
17905,wupang,wupang_backup_for_hmm,2015-05-18,2015-05-16
17905,wupang,wupang_backup_for_hmm,2015-05-18,2015-05-17
17909,hmm,none,2015-05-17,2015-05-15
17909,hmm,none,2015-05-17,2015-05-16
16820,hmm,none,2015-05-16,2015-05-15
16820,hmm,none,2015-05-18,2015-05-16
16820,wupang,wupang_backup_for_hmm,2015-05-17,2015-05-16
16820,hmm,none,2015-05-18,2015-05-17
19809,hmm,none,2015-05-16,2015-05-15
19809,hmm,none,2015-05-17,2015-05-16
19809,hmm,none,2015-05-18,2015-05-17
17917,hmm,none,2015-05-16,2015-05-15
15080,hmm,none,2015-05-17,2015-05-16
15080,hmm,none,2015-05-18,2015-05-17
17891,hmm,none,2015-05-18,2015-05-16
17891,wupang,wupang_backup_for_hmm,2015-05-18,2015-05-17
16814,hmm,none,2015-05-17,2015-05-15
16814,hmm,none,2015-05-18,2015-05-16
18738,hmm,none,2015-05-17,2015-05-15
18738,hmm,none,2015-05-18,2015-05-17
19838,hmm,none,2015-05-16,2015-05-15
19838,hmm,none,2015-05-17,2015-05-16
19838,hmm,none,2015-05-18,2015-05-17
19827,hmm,none,2015-05-18,2015-05-15
19827,hmm,none,2015-05-18,2015-05-16
19827,hmm,none,2015-05-18,2015-05-17
17899,hmm,none,2015-05-17,2015-05-15
17899,hmm,none,2015-05-18,2015-05-16
17901,hmm,none,2015-05-17,2015-05-15
17901,hmm,none,2015-05-17,2015-05-16
16042,hmm,none,2015-05-16,2015-05-15
16042,hmm,none,2015-05-17,2015-05-16
16042,hmm,none,2015-05-18,2015-05-17
18747,hmm,none,2015-05-16,2015-05-15
18747,hmm,none,2015-05-18,2015-05-16
18747,hmm,none,2015-05-18,2015-05-17
1305,hmm,none,2015-05-16,2015-05-15
1305,hmm,none,2015-05-17,2015-05-16
1305,hmm,none,2015-05-18,2015-05-17
18752,hmm,none,2015-05-16,2015-05-15
16086,hmm,none,2015-05-18,2015-05-15
19718,hmm,none,2015-05-17,2015-05-15
19718,hmm,none,2015-05-18,2015-05-16
19718,hmm,none,2015-05-18,2015-05-17
19717,hmm,none,2015-05-17,2015-05-15
19717,hmm,none,2015-05-18,2015-05-16
19717,hmm,none,2015-05-18,2015-05-17
18767,hmm,none,2015-05-17,2015-05-16
16094,hmm,none,2015-05-16,2015-05-15
16094,hmm,none,2015-05-17,2015-05-16
16094,hmm,none,2015-05-18,2015-05-17
19712,hmm,none,2015-05-16,2015-05-15
19712,hmm,none,2015-05-17,2015-05-16
19712,hmm,none,2015-05-18,2015-05-17
18765,hmm,none,2015-05-16,2015-05-15
18765,hmm,none,2015-05-17,2015-05-16
18765,hmm,none,2015-05-18,2015-05-17
16066,hmm,none,2015-05-17,2015-05-15
16066,hmm,none,2015-05-18,2015-05-16
18770,hmm,none,2015-05-17,2015-05-15
18770,hmm,none,2015-05-17,2015-05-16
16847,hmm,none,2015-05-17,2015-05-15
16847,hmm,none,2015-05-18,2015-05-16
16847,hmm,none,2015-05-18,2015-05-17
19739,hmm,none,2015-05-16,2015-05-15
19739,wupang,wupang_backup_for_hmm,2015-05-18,2015-05-16
16071,hmm,none,2015-05-18,2015-05-16
16069,hmm,none,2015-05-18,2015-05-16
16069,hmm,none,2015-05-18,2015-05-17
19734,wupang,wupang_backup_for_hmm,2015-05-17,2015-05-15
18778,hmm,none,2015-05-17,2015-05-15
18778,hmm,none,2015-05-18,2015-05-16
18778,hmm,none,2015-05-18,2015-05-17
19733,wupang,wupang_backup_for_hmm,2015-05-16,2015-05-15
19733,hmm,none,2015-05-17,2015-05-16
16077,hmm,none,2015-05-18,2015-05-16
16077,hmm,none,2015-05-18,2015-05-17
18784,hmm,none,2015-05-18,2015-05-16
18784,hmm,none,2015-05-18,2015-05-17
18785,hmm,none,2015-05-16,2015-05-15
18785,hmm,none,2015-05-17,2015-05-16
18785,hmm,none,2015-05-18,2015-05-17
16112,hmm,none,2015-05-17,2015-05-15
16112,hmm,none,2015-05-17,2015-05-16
16892,wupang,wupang_backup_for_hmm,2015-05-17,2015-05-16
18790,hmm,none,2015-05-18,2015-05-15
18790,hmm,none,2015-05-18,2015-05-16
19748,hmm,none,2015-05-17,2015-05-15
19748,wupang,wupang_backup_for_hmm,2015-05-17,2015-05-16
15029,hmm,none,2015-05-17,2015-05-15
15029,hmm,none,2015-05-18,2015-05-16
15029,hmm,none,2015-05-18,2015-05-17
15028,hmm,none,2015-05-16,2015-05-15
19749,hmm,none,2015-05-16,2015-05-15
19749,hmm,none,2015-05-18,2015-05-17
19750,hmm,none,2015-05-17,2015-05-16
16122,hmm,none,2015-05-17,2015-05-16
16125,hmm,none,2015-05-17,2015-05-15
16125,hmm,none,2015-05-17,2015-05-16
18800,hmm,none,2015-05-16,2015-05-15
18800,hmm,none,2015-05-17,2015-05-16
18800,hmm,none,2015-05-18,2015-05-17
17826,hmm,none,2015-05-16,2015-05-15
17826,hmm,none,2015-05-18,2015-05-16
18806,hmm,none,2015-05-16,2015-05-15
18806,hmm,none,2015-05-17,2015-05-16
19770,hmm,none,2015-05-17,2015-05-15
19770,hmm,none,2015-05-17,2015-05-16
16103,hmm,none,2015-05-16,2015-05-15
16103,hmm,none,2015-05-17,2015-05-16
16103,hmm,none,2015-05-18,2015-05-17
16865,hmm,none,2015-05-18,2015-05-16
18809,hmm,none,2015-05-16,2015-05-15
18809,hmm,none,2015-05-18,2015-05-16
19765,hmm,none,2015-05-17,2015-05-15
19765,wupang,wupang_backup_for_hmm,2015-05-16,2015-05-15
19765,hmm,none,2015-05-17,2015-05-16
19765,hmm,none,2015-05-18,2015-05-17
18808,hmm,none,2015-05-18,2015-05-17
1313,hmm,none,2015-05-17,2015-05-15
1313,hmm,none,2015-05-18,2015-05-16
1314,hmm,none,2015-05-17,2015-05-15
1314,hmm,none,2015-05-18,2015-05-16
19760,hmm,none,2015-05-17,2015-05-15
19760,hmm,none,2015-05-18,2015-05-16
19760,hmm,none,2015-05-18,2015-05-17
18812,hmm,none,2015-05-17,2015-05-15
18812,hmm,none,2015-05-18,2015-05-17
17835,hmm,none,2015-05-17,2015-05-15
17835,hmm,none,2015-05-18,2015-05-16
17835,hmm,none,2015-05-18,2015-05-17
19763,wupang,wupang_backup_for_hmm,2015-05-16,2015-05-15
19763,hmm,none,2015-05-18,2015-05-17
16870,wupang,wupang_backup_for_hmm,2015-05-17,2015-05-16
16870,wupang,wupang_backup_for_hmm,2015-05-18,2015-05-17
19762,hmm,none,2015-05-17,2015-05-15
19762,hmm,none,2015-05-17,2015-05-16
19762,hmm,none,2015-05-18,2015-05-17
17755,hmm,none,2015-05-17,2015-05-15
17755,hmm,none,2015-05-18,2015-05-16
17755,hmm,none,2015-05-18,2015-05-17
15898,hmm,none,2015-05-17,2015-05-16
18826,hmm,none,2015-05-18,2015-05-15
18826,hmm,none,2015-05-18,2015-05-16
18826,hmm,none,2015-05-18,2015-05-17
18825,hmm,none,2015-05-16,2015-05-15
15897,wupang,wupang_backup_for_hmm,2015-05-16,2015-05-15
15897,hmm,none,2015-05-17,2015-05-16
15897,hmm,none,2015-05-18,2015-05-17
16670,hmm,none,2015-05-17,2015-05-16
16670,hmm,none,2015-05-18,2015-05-17
17745,hmm,none,2015-05-17,2015-05-15
17745,hmm,none,2015-05-18,2015-05-16
17745,hmm,none,2015-05-18,2015-05-17
17748,hmm,none,2015-05-16,2015-05-15
17748,hmm,none,2015-05-17,2015-05-16
16664,hmm,none,2015-05-17,2015-05-16
16646,hmm,none,2015-05-17,2015-05-15
16646,hmm,none,2015-05-17,2015-05-16
15886,hmm,none,2015-05-18,2015-05-16
15886,hmm,none,2015-05-18,2015-05-17
17736,hmm,none,2015-05-16,2015-05-15
17736,hmm,none,2015-05-17,2015-05-16
19920,hmm,none,2015-05-17,2015-05-15
19920,hmm,none,2015-05-18,2015-05-16
19920,hmm,none,2015-05-18,2015-05-17
16644,hmm,none,2015-05-18,2015-05-16
16644,hmm,none,2015-05-18,2015-05-17
19926,hmm,none,2015-05-17,2015-05-15
19926,hmm,none,2015-05-17,2015-05-16
19926,hmm,none,2015-05-18,2015-05-17
1475,hmm,none,2015-05-17,2015-05-15
1475,wupang,wupang_backup_for_hmm,2015-05-17,2015-05-16
15880,hmm,none,2015-05-17,2015-05-15
15880,hmm,none,2015-05-18,2015-05-16
15880,hmm,none,2015-05-18,2015-05-17
20529,hmm,none,2015-05-18,2015-05-17
16652,wupang,wupang_backup_for_hmm,2015-05-16,2015-05-15
15874,hmm,none,2015-05-18,2015-05-17
18832,hmm,none,2015-05-17,2015-05-15
18832,hmm,none,2015-05-17,2015-05-16
18832,hmm,none,2015-05-18,2015-05-17
20536,hmm,none,2015-05-18,2015-05-17
1480,hmm,none,2015-05-17,2015-05-15
1480,hmm,none,2015-05-17,2015-05-16
1480,hmm,none,2015-05-18,2015-05-17
17733,wupang,wupang_backup_for_hmm,2015-05-16,2015-05-15
17733,hmm,none,2015-05-17,2015-05-16
15872,hmm,none,2015-05-16,2015-05-15
15872,hmm,none,2015-05-17,2015-05-16
16693,hmm,none,2015-05-16,2015-05-15
16693,wupang,wupang_backup_for_hmm,2015-05-17,2015-05-16
17785,hmm,none,2015-05-17,2015-05-15
17785,hmm,none,2015-05-17,2015-05-16
17785,hmm,none,2015-05-18,2015-05-17
19936,wupang,wupang_backup_for_hmm,2015-05-16,2015-05-15
19936,wupang,wupang_backup_for_hmm,2015-05-17,2015-05-16
19936,wupang,wupang_backup_for_hmm,2015-05-18,2015-05-17
16695,hmm,none,2015-05-16,2015-05-15
16689,hmm,none,2015-05-17,2015-05-15
16689,hmm,none,2015-05-18,2015-05-16
16689,hmm,none,2015-05-18,2015-05-17
15930,hmm,none,2015-05-16,2015-05-15
15930,hmm,none,2015-05-18,2015-05-16
15930,hmm,none,2015-05-18,2015-05-17
18858,hmm,none,2015-05-16,2015-05-15
18858,hmm,none,2015-05-17,2015-05-16
18858,hmm,none,2015-05-18,2015-05-17
19942,hmm,none,2015-05-16,2015-05-15
19942,hmm,none,2015-05-17,2015-05-16
19942,hmm,none,2015-05-18,2015-05-17
17776,hmm,none,2015-05-16,2015-05-15
17776,hmm,none,2015-05-18,2015-05-16
17776,hmm,none,2015-05-18,2015-05-17
19947,hmm,none,2015-05-18,2015-05-17
18855,wupang,wupang_backup_for_hmm,2015-05-17,2015-05-16
20489,wupang,wupang_backup_for_hmm,2015-05-18,2015-05-16
20489,hmm,none,2015-05-18,2015-05-17
19949,hmm,none,2015-05-17,2015-05-15
19949,hmm,none,2015-05-17,2015-05-16
18851,hmm,none,2015-05-16,2015-05-15
18851,hmm,none,2015-05-17,2015-05-16
1531,hmm,none,2015-05-18,2015-05-17
17782,hmm,none,2015-05-17,2015-05-16
17782,hmm,none,2015-05-18,2015-05-17
19954,hmm,none,2015-05-17,2015-05-15
19954,hmm,none,2015-05-18,2015-05-16
19955,hmm,none,2015-05-18,2015-05-17
18879,hmm,none,2015-05-16,2015-05-15
18879,hmm,none,2015-05-17,2015-05-16
18879,hmm,none,2015-05-18,2015-05-17
1505,wupang,wupang_backup_for_hmm,2015-05-18,2015-05-16
1505,hmm,none,2015-05-18,2015-05-17
18874,hmm,none,2015-05-17,2015-05-15
18874,hmm,none,2015-05-18,2015-05-16
18874,hmm,none,2015-05-18,2015-05-17
15914,hmm,none,2015-05-17,2015-05-16
18868,hmm,none,2015-05-16,2015-05-15
18868,hmm,none,2015-05-17,2015-05-16
18868,wupang,wupang_backup_for_hmm,2015-05-17,2015-05-16
18868,hmm,none,2015-05-18,2015-05-17
18871,hmm,none,2015-05-16,2015-05-15
18871,hmm,none,2015-05-18,2015-05-16
18871,hmm,none,2015-05-18,2015-05-17
18865,hmm,none,2015-05-18,2015-05-16
19967,hmm,none,2015-05-17,2015-05-16
19847,hmm,none,2015-05-16,2015-05-15
18891,hmm,none,2015-05-17,2015-05-15
18891,hmm,none,2015-05-17,2015-05-16
18891,hmm,none,2015-05-18,2015-05-17
16727,hmm,none,2015-05-16,2015-05-15
16727,hmm,none,2015-05-18,2015-05-16
16727,hmm,none,2015-05-18,2015-05-17
15967,hmm,none,2015-05-18,2015-05-17
16725,hmm,none,2015-05-18,2015-05-15
16725,wupang,wupang_backup_for_hmm,2015-05-18,2015-05-17
17688,hmm,none,2015-05-17,2015-05-15
17688,hmm,none,2015-05-18,2015-05-16
17688,hmm,none,2015-05-18,2015-05-17
18883,hmm,none,2015-05-18,2015-05-17
15955,hmm,none,2015-05-17,2015-05-15
15955,hmm,none,2015-05-18,2015-05-16
15955,hmm,none,2015-05-18,2015-05-17
1432,hmm,none,2015-05-17,2015-05-15
1432,hmm,none,2015-05-17,2015-05-16
18880,hmm,none,2015-05-17,2015-05-15
18880,hmm,none,2015-05-17,2015-05-16
17684,hmm,none,2015-05-16,2015-05-15
17684,hmm,none,2015-05-17,2015-05-16
17684,hmm,none,2015-05-18,2015-05-17
19851,hmm,none,2015-05-16,2015-05-15
19851,wupang,wupang_backup_for_hmm,2015-05-18,2015-05-16
15959,hmm,none,2015-05-18,2015-05-16
15959,hmm,none,2015-05-18,2015-05-17
19850,hmm,none,2015-05-16,2015-05-15
1439,hmm,none,2015-05-18,2015-05-16
1437,hmm,none,2015-05-17,2015-05-15
1437,hmm,none,2015-05-18,2015-05-16
1437,hmm,none,2015-05-18,2015-05-17
17679,hmm,none,2015-05-18,2015-05-17
16705,wupang,wupang_backup_for_hmm,2015-05-17,2015-05-15
17677,hmm,none,2015-05-16,2015-05-15
17677,hmm,none,2015-05-18,2015-05-16
16711,hmm,none,2015-05-17,2015-05-15
16711,hmm,none,2015-05-17,2015-05-16
19856,hmm,none,2015-05-16,2015-05-15
19856,hmm,none,2015-05-17,2015-05-16
19856,hmm,none,2015-05-18,2015-05-17
18908,hmm,none,2015-05-18,2015-05-16
18908,hmm,none,2015-05-18,2015-05-17
17673,hmm,none,2015-05-18,2015-05-15
17673,hmm,none,2015-05-18,2015-05-16
17673,wupang,wupang_backup_for_hmm,2015-05-18,2015-05-17
17671,hmm,none,2015-05-16,2015-05-15
18899,hmm,none,2015-05-16,2015-05-15
18899,hmm,none,2015-05-17,2015-05-16
18899,hmm,none,2015-05-18,2015-05-17
19865,wupang,wupang_backup_for_hmm,2015-05-18,2015-05-15
19865,hmm,none,2015-05-18,2015-05-16
19865,hmm,none,2015-05-18,2015-05-17
15992,hmm,none,2015-05-17,2015-05-15
15992,hmm,none,2015-05-18,2015-05-16
15992,hmm,none,2015-05-18,2015-05-17
15996,hmm,none,2015-05-18,2015-05-15
15996,hmm,none,2015-05-18,2015-05-17
16757,hmm,none,2015-05-16,2015-05-15
16757,hmm,none,2015-05-18,2015-05-17
15997,hmm,none,2015-05-18,2015-05-16
15997,hmm,none,2015-05-18,2015-05-17
18913,hmm,none,2015-05-17,2015-05-15
18913,hmm,none,2015-05-17,2015-05-16
18916,hmm,none,2015-05-18,2015-05-16
18916,hmm,none,2015-05-18,2015-05-17
15990,hmm,none,2015-05-17,2015-05-15
15990,hmm,none,2015-05-17,2015-05-16
15990,hmm,none,2015-05-18,2015-05-17
15991,hmm,none,2015-05-16,2015-05-15
15991,hmm,none,2015-05-17,2015-05-16
20561,hmm,none,2015-05-18,2015-05-17
19894,hmm,none,2015-05-16,2015-05-15
19894,hmm,none,2015-05-17,2015-05-16
19894,hmm,none,2015-05-18,2015-05-17
18938,hmm,none,2015-05-17,2015-05-15
18938,hmm,none,2015-05-18,2015-05-16
18938,hmm,none,2015-05-18,2015-05-17
20564,hmm,none,2015-05-18,2015-05-17
20566,hmm,none,2015-05-18,2015-05-17
1447,hmm,none,2015-05-16,2015-05-15
19890,hmm,none,2015-05-16,2015-05-15
19890,hmm,none,2015-05-18,2015-05-16
19890,hmm,none,2015-05-18,2015-05-17
19891,hmm,none,2015-05-18,2015-05-15
19891,hmm,none,2015-05-18,2015-05-16
15982,hmm,none,2015-05-16,2015-05-15
15982,hmm,none,2015-05-18,2015-05-17
18943,hmm,none,2015-05-17,2015-05-15
18943,wupang,wupang_backup_for_hmm,2015-05-16,2015-05-15
18943,hmm,none,2015-05-18,2015-05-16
18943,wupang,wupang_backup_for_hmm,2015-05-18,2015-05-17
19900,hmm,none,2015-05-16,2015-05-15
19900,hmm,none,2015-05-18,2015-05-16
19900,hmm,none,2015-05-18,2015-05-17
19901,wupang,wupang_backup_for_hmm,2015-05-16,2015-05-15
19901,wupang,wupang_backup_for_hmm,2015-05-18,2015-05-16
19901,hmm,none,2015-05-18,2015-05-17
15968,hmm,none,2015-05-18,2015-05-15
15968,hmm,none,2015-05-18,2015-05-16
15968,hmm,none,2015-05-18,2015-05-17
18930,hmm,none,2015-05-16,2015-05-15
18930,hmm,none,2015-05-17,2015-05-16
18930,wupang,wupang_backup_for_hmm,2015-05-18,2015-05-17
17702,hmm,none,2015-05-16,2015-05-15
1450,hmm,none,2015-05-16,2015-05-15
16748,hmm,none,2015-05-16,2015-05-15
16748,hmm,none,2015-05-18,2015-05-16
16748,hmm,none,2015-05-18,2015-05-17
19897,hmm,none,2015-05-16,2015-05-15
19897,hmm,none,2015-05-18,2015-05-16
19897,hmm,none,2015-05-18,2015-05-17
20574,hmm,none,2015-05-18,2015-05-17
17698,hmm,none,2015-05-17,2015-05-15
17698,hmm,none,2015-05-17,2015-05-16
19898,hmm,none,2015-05-17,2015-05-15
19898,hmm,none,2015-05-17,2015-05-16
16750,hmm,none,2015-05-16,2015-05-15
16751,wupang,wupang_backup_for_hmm,2015-05-17,2015-05-15
18995,hmm,none,2015-05-18,2015-05-17
20095,hmm,none,2015-05-16,2015-05-15
18992,hmm,none,2015-05-16,2015-05-15
18992,hmm,none,2015-05-17,2015-05-16
18992,hmm,none,2015-05-18,2015-05-17
17070,hmm,none,2015-05-17,2015-05-15
17070,hmm,none,2015-05-17,2015-05-16
17070,hmm,none,2015-05-18,2015-05-17
15780,hmm,none,2015-05-18,2015-05-16
15780,hmm,none,2015-05-18,2015-05-17
18158,hmm,none,2015-05-16,2015-05-15
19006,hmm,none,2015-05-16,2015-05-15
19006,hmm,none,2015-05-18,2015-05-16
19006,hmm,none,2015-05-18,2015-05-17
15791,hmm,none,2015-05-16,2015-05-15
20082,hmm,none,2015-05-17,2015-05-15
20082,hmm,none,2015-05-17,2015-05-16
20082,hmm,none,2015-05-18,2015-05-17
19005,hmm,none,2015-05-18,2015-05-17
15795,hmm,none,2015-05-16,2015-05-15
15795,hmm,none,2015-05-18,2015-05-16
15795,hmm,none,2015-05-18,2015-05-17
17083,hmm,none,2015-05-17,2015-05-15
17080,hmm,none,2015-05-18,2015-05-15
17080,hmm,none,2015-05-18,2015-05-16
17080,hmm,none,2015-05-18,2015-05-17
1662,hmm,none,2015-05-17,2015-05-16
18980,hmm,none,2015-05-16,2015-05-15
18980,hmm,none,2015-05-18,2015-05-16
18980,wupang,wupang_backup_for_hmm,2015-05-18,2015-05-17
18987,hmm,none,2015-05-16,2015-05-15
18987,hmm,none,2015-05-17,2015-05-16
18172,wupang,wupang_backup_for_hmm,2015-05-17,2015-05-15
18172,wupang,wupang_backup_for_hmm,2015-05-18,2015-05-16
18172,hmm,none,2015-05-18,2015-05-17
20069,hmm,none,2015-05-16,2015-05-15
20069,hmm,none,2015-05-17,2015-05-16
20069,hmm,none,2015-05-18,2015-05-17
18990,hmm,none,2015-05-18,2015-05-15
18990,hmm,none,2015-05-18,2015-05-16
18990,hmm,none,2015-05-18,2015-05-17
18991,wupang,wupang_backup_for_hmm,2015-05-16,2015-05-15
15806,hmm,none,2015-05-17,2015-05-15
15806,hmm,none,2015-05-17,2015-05-16
17079,hmm,none,2015-05-17,2015-05-15
17079,hmm,none,2015-05-17,2015-05-16
18988,hmm,none,2015-05-16,2015-05-15
18988,hmm,none,2015-05-18,2015-05-17
20060,hmm,none,2015-05-16,2015-05-15
20060,hmm,none,2015-05-17,2015-05-16
20060,hmm,none,2015-05-18,2015-05-17
20057,hmm,none,2015-05-16,2015-05-15
20057,wupang,wupang_backup_for_hmm,2015-05-17,2015-05-16
17036,hmm,none,2015-05-16,2015-05-15
17036,hmm,none,2015-05-17,2015-05-16
20058,wupang,wupang_backup_for_hmm,2015-05-16,2015-05-15
20058,hmm,none,2015-05-17,2015-05-16
20058,hmm,none,2015-05-18,2015-05-17
18114,hmm,none,2015-05-18,2015-05-17
18966,hmm,none,2015-05-17,2015-05-15
17038,hmm,none,2015-05-18,2015-05-15
17038,hmm,none,2015-05-17,2015-05-16
17038,hmm,none,2015-05-18,2015-05-17
17025,hmm,none,2015-05-18,2015-05-17
18126,hmm,none,2015-05-17,2015-05-15
18126,hmm,none,2015-05-18,2015-05-16
17029,hmm,none,2015-05-18,2015-05-16
18123,hmm,none,2015-05-16,2015-05-15
18123,hmm,none,2015-05-17,2015-05-16
18123,hmm,none,2015-05-18,2015-05-17
17030,wupang,wupang_backup_for_hmm,2015-05-17,2015-05-15
18122,wupang,wupang_backup_for_hmm,2015-05-17,2015-05-16
17048,hmm,none,2015-05-18,2015-05-17
18135,wupang,wupang_backup_for_hmm,2015-05-18,2015-05-16
18135,hmm,none,2015-05-18,2015-05-17
18952,hmm,none,2015-05-17,2015-05-15
18952,hmm,none,2015-05-17,2015-05-16
20037,hmm,none,2015-05-16,2015-05-15
17047,hmm,none,2015-05-17,2015-05-15
17047,hmm,none,2015-05-18,2015-05-16
17047,hmm,none,2015-05-18,2015-05-17
20024,wupang,wupang_backup_for_hmm,2015-05-17,2015-05-16
20024,wupang,wupang_backup_for_hmm,2015-05-18,2015-05-17
17132,hmm,none,2015-05-17,2015-05-15
17132,hmm,none,2015-05-18,2015-05-16
18080,hmm,none,2015-05-17,2015-05-15
18080,hmm,none,2015-05-18,2015-05-16
18080,hmm,none,2015-05-18,2015-05-17
1581,hmm,none,2015-05-18,2015-05-17
17130,hmm,none,2015-05-16,2015-05-15
17130,hmm,none,2015-05-18,2015-05-17
18084,hmm,none,2015-05-17,2015-05-15
15841,hmm,none,2015-05-17,2015-05-16
15841,hmm,none,2015-05-18,2015-05-17
15854,hmm,none,2015-05-17,2015-05-15
15854,wupang,wupang_backup_for_hmm,2015-05-17,2015-05-16
20018,hmm,none,2015-05-17,2015-05-15
20018,hmm,none,2015-05-18,2015-05-16
20018,hmm,none,2015-05-18,2015-05-17
19068,hmm,none,2015-05-16,2015-05-15
19068,hmm,none,2015-05-17,2015-05-16
19068,hmm,none,2015-05-18,2015-05-17
17124,hmm,none,2015-05-17,2015-05-15
17124,hmm,none,2015-05-17,2015-05-16
17124,hmm,none,2015-05-18,2015-05-17
15851,hmm,none,2015-05-18,2015-05-15
15851,hmm,none,2015-05-18,2015-05-16
15851,hmm,none,2015-05-18,2015-05-17
19064,hmm,none,2015-05-18,2015-05-15
19064,hmm,none,2015-05-18,2015-05-17
20008,hmm,none,2015-05-17,2015-05-15
20008,wupang,wupang_backup_for_hmm,2015-05-17,2015-05-16
20008,wupang,wupang_backup_for_hmm,2015-05-18,2015-05-17
1596,hmm,none,2015-05-16,2015-05-15
1596,hmm,none,2015-05-18,2015-05-16
1596,hmm,none,2015-05-18,2015-05-17
17147,hmm,none,2015-05-18,2015-05-17
15870,hmm,none,2015-05-18,2015-05-15
15870,wupang,wupang_backup_for_hmm,2015-05-16,2015-05-15
15870,hmm,none,2015-05-18,2015-05-16
19055,wupang,wupang_backup_for_hmm,2015-05-17,2015-05-15
19055,hmm,none,2015-05-18,2015-05-16
1588,hmm,none,2015-05-17,2015-05-15
1588,hmm,none,2015-05-18,2015-05-16
18105,wupang,wupang_backup_for_hmm,2015-05-18,2015-05-15
18105,hmm,none,2015-05-18,2015-05-17
19051,wupang,wupang_backup_for_hmm,2015-05-17,2015-05-15
19051,hmm,none,2015-05-17,2015-05-16
19051,hmm,none,2015-05-18,2015-05-17
19048,hmm,none,2015-05-16,2015-05-15
19048,hmm,none,2015-05-17,2015-05-16
15864,hmm,none,2015-05-18,2015-05-16
15864,hmm,none,2015-05-18,2015-05-17
17101,hmm,none,2015-05-16,2015-05-15
18051,hmm,none,2015-05-16,2015-05-15
18051,hmm,none,2015-05-18,2015-05-17
17102,hmm,none,2015-05-18,2015-05-15
17102,hmm,none,2015-05-18,2015-05-16
17096,hmm,none,2015-05-16,2015-05-15
17096,hmm,none,2015-05-17,2015-05-16
17096,hmm,none,2015-05-18,2015-05-17
1545,hmm,none,2015-05-17,2015-05-15
1545,wupang,wupang_backup_for_hmm,2015-05-18,2015-05-16
19985,wupang,wupang_backup_for_hmm,2015-05-16,2015-05-15
15820,hmm,none,2015-05-18,2015-05-17
15822,hmm,none,2015-05-16,2015-05-15
15822,hmm,none,2015-05-17,2015-05-16
15822,hmm,none,2015-05-18,2015-05-17
17094,hmm,none,2015-05-16,2015-05-15
17094,hmm,none,2015-05-17,2015-05-16
17094,hmm,none,2015-05-18,2015-05-17
19034,hmm,none,2015-05-17,2015-05-15
19034,hmm,none,2015-05-17,2015-05-16
19034,hmm,none,2015-05-18,2015-05-17
18062,hmm,none,2015-05-18,2015-05-15
18062,hmm,none,2015-05-18,2015-05-16
18062,hmm,none,2015-05-18,2015-05-17
19976,hmm,none,2015-05-18,2015-05-15
19976,hmm,none,2015-05-18,2015-05-16
19976,hmm,none,2015-05-18,2015-05-17
17116,hmm,none,2015-05-18,2015-05-15
17116,hmm,none,2015-05-18,2015-05-16
17116,hmm,none,2015-05-18,2015-05-17
15828,hmm,none,2015-05-18,2015-05-16
15828,hmm,none,2015-05-18,2015-05-17
19977,hmm,none,2015-05-18,2015-05-17
15831,hmm,none,2015-05-17,2015-05-15
15831,hmm,none,2015-05-17,2015-05-16
15831,hmm,none,2015-05-18,2015-05-17
17118,hmm,none,2015-05-17,2015-05-15
17118,hmm,none,2015-05-18,2015-05-17
18069,hmm,none,2015-05-17,2015-05-15
18069,wupang,wupang_backup_for_hmm,2015-05-17,2015-05-16
18069,hmm,none,2015-05-18,2015-05-17
17114,hmm,none,2015-05-17,2015-05-15
17114,hmm,none,2015-05-18,2015-05-16
15837,hmm,none,2015-05-17,2015-05-15
15837,hmm,none,2015-05-17,2015-05-16
19021,hmm,none,2015-05-18,2015-05-15
19021,hmm,none,2015-05-18,2015-05-16
19021,hmm,none,2015-05-18,2015-05-17
15838,hmm,none,2015-05-17,2015-05-15
15838,hmm,none,2015-05-17,2015-05-16
17111,hmm,none,2015-05-18,2015-05-17
19972,hmm,none,2015-05-18,2015-05-15
19972,hmm,none,2015-05-18,2015-05-16
19972,hmm,none,2015-05-18,2015-05-17
19018,hmm,none,2015-05-17,2015-05-15
19018,hmm,none,2015-05-18,2015-05-16
19018,hmm,none,2015-05-18,2015-05-17
20214,hmm,none,2015-05-16,2015-05-15
20214,hmm,none,2015-05-17,2015-05-16
20214,hmm,none,2015-05-18,2015-05-17
1761,hmm,none,2015-05-16,2015-05-15
1761,hmm,none,2015-05-17,2015-05-16
1761,hmm,none,2015-05-18,2015-05-17
19129,wupang,wupang_backup_for_hmm,2015-05-16,2015-05-15
18026,hmm,none,2015-05-16,2015-05-15
18026,hmm,none,2015-05-17,2015-05-16
18026,wupang,wupang_backup_for_hmm,2015-05-17,2015-05-16
18026,hmm,none,2015-05-18,2015-05-17
15662,hmm,none,2015-05-17,2015-05-15
15662,hmm,none,2015-05-17,2015-05-16
20208,wupang,wupang_backup_for_hmm,2015-05-17,2015-05-15
20208,hmm,none,2015-05-18,2015-05-17
1765,wupang,wupang_backup_for_hmm,2015-05-17,2015-05-15
18024,hmm,none,2015-05-17,2015-05-15
18024,hmm,none,2015-05-18,2015-05-16
18024,hmm,none,2015-05-18,2015-05-17
16933,hmm,none,2015-05-17,2015-05-15
16933,hmm,none,2015-05-17,2015-05-16
16933,hmm,none,2015-05-18,2015-05-17
15651,hmm,none,2015-05-16,2015-05-15
15651,hmm,none,2015-05-17,2015-05-16
16940,wupang,wupang_backup_for_hmm,2015-05-16,2015-05-15
16940,hmm,none,2015-05-17,2015-05-16
16940,hmm,none,2015-05-18,2015-05-17
19114,hmm,none,2015-05-17,2015-05-15
19114,hmm,none,2015-05-17,2015-05-16
16946,hmm,none,2015-05-16,2015-05-15
16946,hmm,none,2015-05-18,2015-05-16
16946,hmm,none,2015-05-18,2015-05-17
1776,hmm,none,2015-05-16,2015-05-15
1776,hmm,none,2015-05-17,2015-05-16
16950,hmm,none,2015-05-18,2015-05-17
16949,hmm,none,2015-05-16,2015-05-15
18041,hmm,none,2015-05-16,2015-05-15
18041,hmm,none,2015-05-17,2015-05-16
20193,hmm,none,2015-05-16,2015-05-15
20193,hmm,none,2015-05-17,2015-05-16
20193,hmm,none,2015-05-18,2015-05-17
15677,hmm,none,2015-05-17,2015-05-15
15677,hmm,none,2015-05-17,2015-05-16
18037,hmm,none,2015-05-17,2015-05-15
18037,hmm,none,2015-05-18,2015-05-16
18037,hmm,none,2015-05-18,2015-05-17
18036,hmm,none,2015-05-17,2015-05-15
18036,hmm,none,2015-05-17,2015-05-16
18036,hmm,none,2015-05-18,2015-05-17
19111,wupang,wupang_backup_for_hmm,2015-05-17,2015-05-15
19111,hmm,none,2015-05-18,2015-05-16
19111,hmm,none,2015-05-18,2015-05-17
1788,hmm,none,2015-05-16,2015-05-15
1788,hmm,none,2015-05-17,2015-05-16
1788,hmm,none,2015-05-18,2015-05-17
16898,hmm,none,2015-05-16,2015-05-15
16898,hmm,none,2015-05-17,2015-05-16
16898,hmm,none,2015-05-18,2015-05-17
20176,hmm,none,2015-05-16,2015-05-15
20176,hmm,none,2015-05-17,2015-05-16
20176,hmm,none,2015-05-18,2015-05-17
16900,hmm,none,2015-05-17,2015-05-15
16900,hmm,none,2015-05-18,2015-05-16
16900,hmm,none,2015-05-18,2015-05-17
17988,hmm,none,2015-05-17,2015-05-16
20189,hmm,none,2015-05-17,2015-05-15
20189,hmm,none,2015-05-18,2015-05-16
16905,hmm,none,2015-05-17,2015-05-15
16905,hmm,none,2015-05-18,2015-05-16
17990,hmm,none,2015-05-17,2015-05-15
17990,hmm,none,2015-05-17,2015-05-16
20190,hmm,none,2015-05-17,2015-05-15
20190,hmm,none,2015-05-17,2015-05-16
20190,hmm,none,2015-05-18,2015-05-17
16909,hmm,none,2015-05-16,2015-05-15
16909,hmm,none,2015-05-17,2015-05-16
16909,hmm,none,2015-05-18,2015-05-17
17986,wupang,wupang_backup_for_hmm,2015-05-17,2015-05-15
17986,wupang,wupang_backup_for_hmm,2015-05-17,2015-05-16
19094,hmm,none,2015-05-17,2015-05-15
19094,hmm,none,2015-05-18,2015-05-16
19094,hmm,none,2015-05-18,2015-05-17
20187,hmm,none,2015-05-17,2015-05-16
15643,hmm,none,2015-05-17,2015-05-15
15643,hmm,none,2015-05-18,2015-05-16
15643,hmm,none,2015-05-18,2015-05-17
16917,wupang,wupang_backup_for_hmm,2015-05-18,2015-05-15
16917,wupang,wupang_backup_for_hmm,2015-05-18,2015-05-16
16921,hmm,none,2015-05-16,2015-05-15
20172,hmm,none,2015-05-17,2015-05-15
20172,hmm,none,2015-05-17,2015-05-16
20172,hmm,none,2015-05-18,2015-05-17
16925,hmm,none,2015-05-16,2015-05-15
16925,hmm,none,2015-05-18,2015-05-16
16925,hmm,none,2015-05-18,2015-05-17
19078,hmm,none,2015-05-18,2015-05-17
16998,hmm,none,2015-05-17,2015-05-15
16998,hmm,none,2015-05-17,2015-05-16
19198,hmm,none,2015-05-17,2015-05-15
19198,hmm,none,2015-05-18,2015-05-16
19198,hmm,none,2015-05-18,2015-05-17
17961,hmm,none,2015-05-17,2015-05-15
17961,hmm,none,2015-05-18,2015-05-16
20145,hmm,none,2015-05-16,2015-05-15
20145,hmm,none,2015-05-18,2015-05-16
20145,hmm,none,2015-05-18,2015-05-17
17966,hmm,none,2015-05-16,2015-05-15
17966,hmm,none,2015-05-17,2015-05-16
17966,hmm,none,2015-05-18,2015-05-17
19194,hmm,none,2015-05-18,2015-05-17
16995,hmm,none,2015-05-16,2015-05-15
20154,hmm,none,2015-05-17,2015-05-15
20154,hmm,none,2015-05-17,2015-05-16
20154,hmm,none,2015-05-18,2015-05-17
17007,hmm,none,2015-05-17,2015-05-15
17007,hmm,none,2015-05-17,2015-05-16
20152,hmm,none,2015-05-17,2015-05-15
20152,hmm,none,2015-05-18,2015-05-16
20152,hmm,none,2015-05-18,2015-05-17
19189,hmm,none,2015-05-17,2015-05-15
19189,hmm,none,2015-05-17,2015-05-16
17977,hmm,none,2015-05-17,2015-05-15
17977,hmm,none,2015-05-18,2015-05-16
17977,hmm,none,2015-05-18,2015-05-17
15740,hmm,none,2015-05-16,2015-05-15
15740,hmm,none,2015-05-17,2015-05-16
20133,hmm,none,2015-05-16,2015-05-15
20133,hmm,none,2015-05-17,2015-05-16
20133,hmm,none,2015-05-18,2015-05-17
17980,hmm,none,2015-05-17,2015-05-16
17980,hmm,none,2015-05-18,2015-05-17
17008,wupang,wupang_backup_for_hmm,2015-05-16,2015-05-15
20138,hmm,none,2015-05-16,2015-05-15
19172,hmm,none,2015-05-16,2015-05-15
19172,hmm,none,2015-05-17,2015-05-16
19172,hmm,none,2015-05-18,2015-05-17
17972,hmm,none,2015-05-16,2015-05-15
17972,hmm,none,2015-05-18,2015-05-17
17016,hmm,none,2015-05-17,2015-05-15
17929,hmm,none,2015-05-18,2015-05-16
17929,hmm,none,2015-05-18,2015-05-17
16966,hmm,none,2015-05-17,2015-05-16
16966,hmm,none,2015-05-18,2015-05-17
16967,hmm,none,2015-05-17,2015-05-15
16967,hmm,none,2015-05-18,2015-05-16
16967,hmm,none,2015-05-18,2015-05-17
16960,hmm,none,2015-05-16,2015-05-15
16960,hmm,none,2015-05-17,2015-05-16
16960,hmm,none,2015-05-18,2015-05-17
16961,hmm,none,2015-05-17,2015-05-15
16961,hmm,none,2015-05-17,2015-05-16
17933,hmm,none,2015-05-16,2015-05-15
17933,hmm,none,2015-05-17,2015-05-16
19157,hmm,none,2015-05-16,2015-05-15
19157,hmm,none,2015-05-17,2015-05-16
19157,hmm,none,2015-05-18,2015-05-17
16973,hmm,none,2015-05-16,2015-05-15
16973,hmm,none,2015-05-17,2015-05-16
16973,hmm,none,2015-05-18,2015-05-17
17921,hmm,none,2015-05-17,2015-05-15
17921,hmm,none,2015-05-18,2015-05-16
17921,hmm,none,2015-05-18,2015-05-17
19158,hmm,none,2015-05-17,2015-05-15
19158,hmm,none,2015-05-17,2015-05-16
19158,hmm,none,2015-05-18,2015-05-17
16975,hmm,none,2015-05-17,2015-05-16
20124,hmm,none,2015-05-16,2015-05-15
20124,hmm,none,2015-05-18,2015-05-16
20124,hmm,none,2015-05-18,2015-05-17
16971,hmm,none,2015-05-16,2015-05-15
16971,hmm,none,2015-05-17,2015-05-16
16971,hmm,none,2015-05-18,2015-05-17
20127,hmm,none,2015-05-16,2015-05-15
20127,hmm,none,2015-05-17,2015-05-16
20127,hmm,none,2015-05-18,2015-05-17
19149,hmm,none,2015-05-16,2015-05-15
19149,hmm,none,2015-05-18,2015-05-17
20097,hmm,none,2015-05-16,2015-05-15
20097,wupang,wupang_backup_for_hmm,2015-05-18,2015-05-16
20097,hmm,none,2015-05-18,2015-05-17
15706,hmm,none,2015-05-16,2015-05-15
16988,hmm,none,2015-05-17,2015-05-15
16988,hmm,none,2015-05-17,2015-05-16
19140,hmm,none,2015-05-17,2015-05-15
19140,hmm,none,2015-05-18,2015-05-16
19140,hmm,none,2015-05-18,2015-05-17
15702,hmm,none,2015-05-18,2015-05-16
20108,hmm,none,2015-05-16,2015-05-15
20108,hmm,none,2015-05-18,2015-05-16
20108,hmm,none,2015-05-18,2015-05-17
17940,hmm,none,2015-05-16,2015-05-15
17940,hmm,none,2015-05-17,2015-05-16
17940,hmm,none,2015-05-18,2015-05-17
15698,hmm,none,2015-05-18,2015-05-17
17943,hmm,none,2015-05-16,2015-05-15
17943,hmm,none,2015-05-18,2015-05-16
17943,hmm,none,2015-05-18,2015-05-17
17338,hmm,none,2015-05-17,2015-05-15
17338,hmm,none,2015-05-18,2015-05-16
17338,hmm,none,2015-05-18,2015-05-17
17342,hmm,none,2015-05-17,2015-05-16
17342,hmm,none,2015-05-18,2015-05-17
15542,hmm,none,2015-05-17,2015-05-15
15542,hmm,none,2015-05-17,2015-05-16
15542,wupang,wupang_backup_for_hmm,2015-05-18,2015-05-17
18429,hmm,none,2015-05-17,2015-05-15
18429,hmm,none,2015-05-18,2015-05-16
18429,hmm,none,2015-05-18,2015-05-17
19242,hmm,none,2015-05-17,2015-05-15
19242,hmm,none,2015-05-17,2015-05-16
19242,hmm,none,2015-05-18,2015-05-17
17335,hmm,none,2015-05-16,2015-05-15
17335,hmm,none,2015-05-17,2015-05-17
15521,hmm,none,2015-05-17,2015-05-16
19250,hmm,none,2015-05-18,2015-05-15
19250,hmm,none,2015-05-17,2015-05-16
19250,hmm,none,2015-05-18,2015-05-17
17322,hmm,none,2015-05-16,2015-05-15
17322,wupang,wupang_backup_for_hmm,2015-05-17,2015-05-16
19253,hmm,none,2015-05-17,2015-05-15
19253,hmm,none,2015-05-17,2015-05-16
19253,hmm,none,2015-05-18,2015-05-17
20344,hmm,none,2015-05-16,2015-05-15
20344,hmm,none,2015-05-17,2015-05-16
18413,hmm,none,2015-05-18,2015-05-15
18413,hmm,none,2015-05-18,2015-05-16
18413,hmm,none,2015-05-18,2015-05-17
20340,hmm,none,2015-05-17,2015-05-15
20340,hmm,none,2015-05-17,2015-05-16
15532,hmm,none,2015-05-18,2015-05-15
15532,hmm,none,2015-05-18,2015-05-16
15506,hmm,none,2015-05-17,2015-05-16
17304,hmm,none,2015-05-17,2015-05-15
17304,hmm,none,2015-05-18,2015-05-16
17304,hmm,none,2015-05-18,2015-05-17
20299,hmm,none,2015-05-16,2015-05-15
20299,hmm,none,2015-05-17,2015-05-16
19204,hmm,none,2015-05-18,2015-05-15
18399,hmm,none,2015-05-16,2015-05-15
18399,hmm,none,2015-05-17,2015-05-16
18399,hmm,none,2015-05-18,2015-05-17
18393,hmm,none,2015-05-17,2015-05-15
18393,hmm,none,2015-05-17,2015-05-16
18393,hmm,none,2015-05-18,2015-05-17
20319,wupang,wupang_backup_for_hmm,2015-05-17,2015-05-15
20319,wupang,wupang_backup_for_hmm,2015-05-18,2015-05-16
20319,wupang,wupang_backup_for_hmm,2015-05-18,2015-05-17
15490,hmm,none,2015-05-17,2015-05-15
15490,hmm,none,2015-05-17,2015-05-16
18372,hmm,none,2015-05-18,2015-05-16
18370,hmm,none,2015-05-17,2015-05-15
20312,hmm,none,2015-05-18,2015-05-15
20312,hmm,none,2015-05-18,2015-05-16
20312,wupang,wupang_backup_for_hmm,2015-05-18,2015-05-17
15499,hmm,none,2015-05-16,2015-05-15
15499,hmm,none,2015-05-18,2015-05-16
15499,hmm,none,2015-05-18,2015-05-17
20308,hmm,none,2015-05-16,2015-05-15
20308,hmm,none,2015-05-18,2015-05-16
18380,hmm,none,2015-05-18,2015-05-16
18380,hmm,none,2015-05-18,2015-05-17
20305,wupang,wupang_backup_for_hmm,2015-05-17,2015-05-16
1861,hmm,none,2015-05-16,2015-05-15
1861,hmm,none,2015-05-18,2015-05-16
1861,hmm,none,2015-05-18,2015-05-17
17406,hmm,none,2015-05-16,2015-05-15
17406,wupang,wupang_backup_for_hmm,2015-05-18,2015-05-16
17406,hmm,none,2015-05-18,2015-05-17
15606,hmm,none,2015-05-16,2015-05-15
20271,hmm,none,2015-05-17,2015-05-15
20271,hmm,none,2015-05-17,2015-05-16
15602,hmm,none,2015-05-16,2015-05-15
20256,hmm,none,2015-05-16,2015-05-15
20256,hmm,none,2015-05-18,2015-05-17
17397,hmm,none,2015-05-18,2015-05-15
17397,hmm,none,2015-05-17,2015-05-16
18365,hmm,none,2015-05-18,2015-05-15
18365,wupang,wupang_backup_for_hmm,2015-05-18,2015-05-16
19317,hmm,none,2015-05-17,2015-05-15
19317,hmm,none,2015-05-18,2015-05-16
19317,hmm,none,2015-05-18,2015-05-17
20283,wupang,wupang_backup_for_hmm,2015-05-18,2015-05-15
20283,wupang,wupang_backup_for_hmm,2015-05-18,2015-05-16
20283,wupang,wupang_backup_for_hmm,2015-05-18,2015-05-17
17390,hmm,none,2015-05-16,2015-05-15
19312,hmm,none,2015-05-16,2015-05-15
19312,hmm,none,2015-05-18,2015-05-16
19312,hmm,none,2015-05-18,2015-05-17
19315,hmm,none,2015-05-18,2015-05-17
18342,wupang,wupang_backup_for_hmm,2015-05-16,2015-05-15
20273,hmm,none,2015-05-17,2015-05-15
20273,hmm,none,2015-05-17,2015-05-16
20274,hmm,none,2015-05-16,2015-05-15
20274,hmm,none,2015-05-17,2015-05-16
20274,wupang,wupang_backup_for_hmm,2015-05-18,2015-05-17
19320,hmm,none,2015-05-17,2015-05-15
19320,hmm,none,2015-05-17,2015-05-16
19320,hmm,none,2015-05-18,2015-05-17
15594,hmm,none,2015-05-17,2015-05-15
15594,hmm,none,2015-05-18,2015-05-16
15594,wupang,wupang_backup_for_hmm,2015-05-18,2015-05-17
15575,hmm,none,2015-05-18,2015-05-15
15575,hmm,none,2015-05-17,2015-05-16
15574,hmm,none,2015-05-17,2015-05-15
15574,hmm,none,2015-05-18,2015-05-16
15574,hmm,none,2015-05-18,2015-05-17
20232,hmm,none,2015-05-17,2015-05-15
20232,hmm,none,2015-05-18,2015-05-17
15571,hmm,none,2015-05-17,2015-05-16
19264,hmm,none,2015-05-16,2015-05-15
19264,hmm,none,2015-05-18,2015-05-16
19264,hmm,none,2015-05-18,2015-05-17
19278,hmm,none,2015-05-16,2015-05-15
19278,hmm,none,2015-05-18,2015-05-16
19278,hmm,none,2015-05-18,2015-05-17
17366,hmm,none,2015-05-18,2015-05-17
1815,hmm,none,2015-05-17,2015-05-15
1815,wupang,wupang_backup_for_hmm,2015-05-17,2015-05-16
17367,hmm,none,2015-05-18,2015-05-15
17367,hmm,none,2015-05-18,2015-05-16
17367,hmm,none,2015-05-18,2015-05-17
17367,wupang,wupang_backup_for_hmm,2015-05-18,2015-05-17
19279,hmm,none,2015-05-16,2015-05-15
19279,hmm,none,2015-05-17,2015-05-16
18334,hmm,none,2015-05-16,2015-05-15
18334,hmm,none,2015-05-18,2015-05-16
15576,hmm,none,2015-05-17,2015-05-16
1806,hmm,none,2015-05-18,2015-05-17
19285,wupang,wupang_backup_for_hmm,2015-05-16,2015-05-15
19285,hmm,none,2015-05-18,2015-05-16
19285,hmm,none,2015-05-18,2015-05-17
19283,hmm,none,2015-05-16,2015-05-15
19283,hmm,none,2015-05-18,2015-05-16
19283,hmm,none,2015-05-18,2015-05-17
19280,hmm,none,2015-05-18,2015-05-15
19280,hmm,none,2015-05-18,2015-05-16
19280,hmm,none,2015-05-18,2015-05-17
18314,hmm,none,2015-05-18,2015-05-15
18314,hmm,none,2015-05-18,2015-05-16
18313,wupang,wupang_backup_for_hmm,2015-05-18,2015-05-15
18313,hmm,none,2015-05-18,2015-05-16
19292,hmm,none,2015-05-16,2015-05-15
19291,hmm,none,2015-05-17,2015-05-16
17347,hmm,none,2015-05-18,2015-05-17
17346,hmm,none,2015-05-16,2015-05-15
20245,hmm,none,2015-05-17,2015-05-15
20245,hmm,none,2015-05-17,2015-05-16
19369,hmm,none,2015-05-18,2015-05-15
19369,hmm,none,2015-05-18,2015-05-16
19369,hmm,none,2015-05-18,2015-05-17
17201,hmm,none,2015-05-18,2015-05-15
17201,hmm,none,2015-05-18,2015-05-16
17201,hmm,none,2015-05-18,2015-05-17
15417,hmm,none,2015-05-16,2015-05-15
17200,hmm,none,2015-05-17,2015-05-16
17200,wupang,wupang_backup_for_hmm,2015-05-18,2015-05-17
20452,hmm,none,2015-05-18,2015-05-16
20452,hmm,none,2015-05-18,2015-05-17
20455,hmm,none,2015-05-18,2015-05-16
19370,hmm,none,2015-05-17,2015-05-15
19370,hmm,none,2015-05-18,2015-05-16
19370,hmm,none,2015-05-18,2015-05-17
17205,wupang,wupang_backup_for_hmm,2015-05-18,2015-05-17
17204,hmm,none,2015-05-17,2015-05-15
17204,hmm,none,2015-05-17,2015-05-16
19375,hmm,none,2015-05-17,2015-05-15
19375,hmm,none,2015-05-17,2015-05-16
19375,wupang,wupang_backup_for_hmm,2015-05-17,2015-05-16
19375,hmm,none,2015-05-18,2015-05-17
17212,hmm,none,2015-05-16,2015-05-15
17212,hmm,none,2015-05-17,2015-05-16
17212,hmm,none,2015-05-18,2015-05-17
18290,hmm,none,2015-05-16,2015-05-15
18290,hmm,none,2015-05-18,2015-05-17
20471,hmm,none,2015-05-18,2015-05-17
20465,hmm,none,2015-05-17,2015-05-16
20476,hmm,none,2015-05-17,2015-05-16
17194,hmm,none,2015-05-16,2015-05-15
17194,hmm,none,2015-05-17,2015-05-16
17194,hmm,none,2015-05-18,2015-05-17
19378,hmm,none,2015-05-17,2015-05-15
19380,hmm,none,2015-05-16,2015-05-15
19380,hmm,none,2015-05-18,2015-05-16
19380,hmm,none,2015-05-18,2015-05-17
18273,hmm,none,2015-05-18,2015-05-15
18273,hmm,none,2015-05-18,2015-05-16
18273,hmm,none,2015-05-18,2015-05-17
17198,hmm,none,2015-05-17,2015-05-15
17198,wupang,wupang_backup_for_hmm,2015-05-16,2015-05-15
17198,wupang,wupang_backup_for_hmm,2015-05-17,2015-05-16
17198,wupang,wupang_backup_for_hmm,2015-05-18,2015-05-17
20474,hmm,none,2015-05-18,2015-05-16
20474,wupang,wupang_backup_for_hmm,2015-05-18,2015-05-17
17199,hmm,none,2015-05-17,2015-05-15
17199,hmm,none,2015-05-17,2015-05-16
19339,hmm,none,2015-05-17,2015-05-15
19339,hmm,none,2015-05-18,2015-05-17
17170,wupang,wupang_backup_for_hmm,2015-05-16,2015-05-15
17170,hmm,none,2015-05-18,2015-05-16
17170,hmm,none,2015-05-18,2015-05-17
17172,wupang,wupang_backup_for_hmm,2015-05-17,2015-05-16
15377,hmm,none,2015-05-18,2015-05-17
20427,hmm,none,2015-05-17,2015-05-16
20427,hmm,none,2015-05-18,2015-05-17
15382,hmm,none,2015-05-18,2015-05-16
15382,hmm,none,2015-05-18,2015-05-17
18258,hmm,none,2015-05-18,2015-05-15
18258,wupang,wupang_backup_for_hmm,2015-05-18,2015-05-16
18258,hmm,none,2015-05-18,2015-05-17
19333,hmm,none,2015-05-17,2015-05-15
18256,hmm,none,2015-05-16,2015-05-15
18256,hmm,none,2015-05-17,2015-05-16
20438,wupang,wupang_backup_for_hmm,2015-05-17,2015-05-16
20438,hmm,none,2015-05-18,2015-05-17
15371,wupang,wupang_backup_for_hmm,2015-05-18,2015-05-17
19354,wupang,wupang_backup_for_hmm,2015-05-18,2015-05-17
17155,wupang,wupang_backup_for_hmm,2015-05-18,2015-05-17
15370,hmm,none,2015-05-18,2015-05-15
15370,hmm,none,2015-05-18,2015-05-16
19352,hmm,none,2015-05-17,2015-05-15
19352,hmm,none,2015-05-18,2015-05-16
19352,hmm,none,2015-05-18,2015-05-17
15375,wupang,wupang_backup_for_hmm,2015-05-17,2015-05-15
15375,hmm,none,2015-05-17,2015-05-16
15375,hmm,none,2015-05-18,2015-05-17
18251,hmm,none,2015-05-17,2015-05-15
18251,hmm,none,2015-05-17,2015-05-16
18251,hmm,none,2015-05-18,2015-05-17
17159,hmm,none,2015-05-18,2015-05-15
17159,hmm,none,2015-05-18,2015-05-16
17159,hmm,none,2015-05-18,2015-05-17
15373,hmm,none,2015-05-17,2015-05-16
15361,hmm,none,2015-05-18,2015-05-15
15361,hmm,none,2015-05-18,2015-05-16
15361,hmm,none,2015-05-18,2015-05-17
20445,wupang,wupang_backup_for_hmm,2015-05-17,2015-05-16
17164,hmm,none,2015-05-17,2015-05-16
20384,wupang,wupang_backup_for_hmm,2015-05-16,2015-05-15
20384,hmm,none,2015-05-17,2015-05-16
20384,hmm,none,2015-05-18,2015-05-17
19438,hmm,none,2015-05-17,2015-05-15
19438,hmm,none,2015-05-17,2015-05-16
19438,hmm,none,2015-05-18,2015-05-17
18234,hmm,none,2015-05-17,2015-05-15
18234,hmm,none,2015-05-17,2015-05-16
18234,wupang,wupang_backup_for_hmm,2015-05-18,2015-05-17
20388,hmm,none,2015-05-17,2015-05-15
20388,hmm,none,2015-05-18,2015-05-16
20388,hmm,none,2015-05-18,2015-05-17
19435,hmm,none,2015-05-16,2015-05-15
19435,hmm,none,2015-05-18,2015-05-17
17266,hmm,none,2015-05-16,2015-05-15
19430,hmm,none,2015-05-18,2015-05-17
20394,hmm,none,2015-05-18,2015-05-16
20394,hmm,none,2015-05-18,2015-05-17
19425,hmm,none,2015-05-16,2015-05-15
19425,hmm,none,2015-05-18,2015-05-16
19425,hmm,none,2015-05-18,2015-05-17
15473,wupang,wupang_backup_for_hmm,2015-05-17,2015-05-15
15473,wupang,wupang_backup_for_hmm,2015-05-18,2015-05-16
20396,hmm,none,2015-05-17,2015-05-16
20396,hmm,none,2015-05-18,2015-05-17
20400,hmm,none,2015-05-17,2015-05-16
15468,hmm,none,2015-05-17,2015-05-15
15468,hmm,none,2015-05-18,2015-05-16
15468,hmm,none,2015-05-18,2015-05-17
20402,hmm,none,2015-05-18,2015-05-16
20402,hmm,none,2015-05-18,2015-05-17
1002,hmm,none,2015-05-16,2015-05-15
1002,hmm,none,2015-05-17,2015-05-16
1002,hmm,none,2015-05-18,2015-05-17
15465,hmm,none,2015-05-16,2015-05-15
15465,hmm,none,2015-05-17,2015-05-16
15465,hmm,none,2015-05-18,2015-05-17
20407,hmm,none,2015-05-18,2015-05-16
20407,hmm,none,2015-05-18,2015-05-17
18208,hmm,none,2015-05-17,2015-05-16
19445,hmm,none,2015-05-17,2015-05-15
19445,hmm,none,2015-05-17,2015-05-16
19445,wupang,wupang_backup_for_hmm,2015-05-18,2015-05-17
20411,hmm,none,2015-05-18,2015-05-16
20411,hmm,none,2015-05-18,2015-05-17
15462,wupang,wupang_backup_for_hmm,2015-05-16,2015-05-15
15462,wupang,wupang_backup_for_hmm,2015-05-17,2015-05-16
17258,hmm,none,2015-05-17,2015-05-15
17258,wupang,wupang_backup_for_hmm,2015-05-17,2015-05-16
17258,hmm,none,2015-05-18,2015-05-17
20354,hmm,none,2015-05-18,2015-05-17
15452,hmm,none,2015-05-16,2015-05-15
15452,hmm,none,2015-05-18,2015-05-16
15452,hmm,none,2015-05-18,2015-05-17
20359,hmm,none,2015-05-18,2015-05-16
20359,hmm,none,2015-05-18,2015-05-17
19397,hmm,none,2015-05-17,2015-05-15
19397,hmm,none,2015-05-17,2015-05-16
19397,hmm,none,2015-05-18,2015-05-17
19395,hmm,none,2015-05-17,2015-05-15
19395,hmm,none,2015-05-18,2015-05-16
19395,hmm,none,2015-05-18,2015-05-17
20370,hmm,none,2015-05-17,2015-05-15
20370,wupang,wupang_backup_for_hmm,2015-05-16,2015-05-15
20370,hmm,none,2015-05-18,2015-05-16
20370,hmm,none,2015-05-18,2015-05-17
18186,hmm,none,2015-05-17,2015-05-15
18186,hmm,none,2015-05-17,2015-05-16
18186,hmm,none,2015-05-18,2015-05-17
19421,hmm,none,2015-05-16,2015-05-15
19421,hmm,none,2015-05-18,2015-05-16
20374,hmm,none,2015-05-18,2015-05-15
20374,hmm,none,2015-05-18,2015-05-16
20374,hmm,none,2015-05-18,2015-05-17
18190,hmm,none,2015-05-18,2015-05-17
20375,hmm,none,2015-05-16,2015-05-15
20375,hmm,none,2015-05-18,2015-05-16
20375,hmm,none,2015-05-18,2015-05-17
19419,hmm,none,2015-05-16,2015-05-15
17217,hmm,none,2015-05-17,2015-05-15
17217,hmm,none,2015-05-17,2015-05-16
17217,hmm,none,2015-05-18,2015-05-17
20378,hmm,none,2015-05-18,2015-05-17
17226,hmm,none,2015-05-16,2015-05-15
17226,hmm,none,2015-05-17,2015-05-16
20382,hmm,none,2015-05-17,2015-05-15
20382,hmm,none,2015-05-18,2015-05-16
20382,hmm,none,2015-05-18,2015-05-17
1931,hmm,none,2015-05-18,2015-05-17
